63.52276611328125,41.51806640625,82.60162353515625,0,0,0,244,22627,0
63.52276611328125,41.51806640625,82.60162353515625,0.25,-0.25,-0.4000000059604645,243,22627.25,0
63.58526611328125,41.45556640625,82.50162506103516,0,0,0,242,22627.5,0
63.58526611328125,41.45556640625,82.50162506103516,0,0,-0.4000000059604645,241,22627.75,0
63.58526611328125,41.45556640625,82.40162658691406,0,0,0,240,22628,0
63.58526611328125,41.45556640625,82.40162658691406,0,0,0.4000000059604645,239,22628.25,0
63.58526611328125,41.45556640625,82.50162506103516,-0.25,0.25,0,238,22628.5,0
63.52276611328125,41.51806640625,82.50162506103516,-0.5,0,0.4000000059604645,237,22628.75,0
63.39776611328125,41.51806640625,82.60162353515625,-0.25,-0.25,0,236,22629,0
63.33526611328125,41.45556640625,82.60162353515625,0,-0.5,-0.4000000059604645,235,22629.25,0
63.33526611328125,41.33056640625,82.50162506103516,0,-0.25,-0.800000011920929,234,22629.5,0
63.33526611328125,41.26806640625,82.30162811279297,-0.25,0,-1.200000047683716,233,22629.75,0
63.27276611328125,41.26806640625,82.00162506103516,-0.5,0.25,-1.600000023841858,232,22630,0
63.14776611328125,41.33056640625,81.60162353515625,-0.2525961995124817,0.5,-2,231,22630.25,0
63.08461761474609,41.45556640625,81.10162353515625,-0.002596199512481689,0.75,-2.400000095367432,230,22630.5,0
63.08396911621094,41.64306640625,80.50162506103516,0.2474038004875183,0.5,-2.800000190734863,229,22630.75,0
63.14582061767578,41.76806640625,79.80162811279297,-0.002596199512481689,0.25,-3.200000286102295,228,22631,0
63.14517211914062,41.83056640625,79.00162506103516,0,0,-3,227,22631.25,0
63.14517211914062,41.83056640625,78.25162506103516,-0.25,-0.25,-3,226,22631.5,0
63.08267211914062,41.76806640625,77.50162506103516,0,0,-3.400000095367432,225,22631.75,0
63.08267211914062,41.76806640625,76.65162658691406,0.25,-0.25,-3,224,22632,0
63.14517211914062,41.70556640625,75.90162658691406,0.5,0,-3,223,22632.25,0
63.27017211914062,41.70556640625,75.15162658691406,0.25,0,-3,222,22632.5,0
63.33267211914062,41.70556640625,74.40162658691406,0.5,-0.25,-3,221,22632.75,0
63.45767211914062,41.64306640625,73.65162658691406,0.25,0,-3.400000095367432,220,22633,0
63.52017211914062,41.64306640625,72.80162811279297,0.5,0.25,-3.800000190734863,219,22633.25,0
63.64517211914062,41.70556640625,71.85163116455078,0.25,0,-3.400000095367432,218,22633.5,0
63.70767211914062,41.70556640625,71.00163269042969,0.5,-0.25,-3,217,22633.75,0
63.83267211914062,41.64306640625,70.25163269042969,0.25,0,-3,216,22634,0
63.89517211914062,41.64306640625,69.50163269042969,0,0.25,-2.599999904632568,215,22634.25,0
63.89517211914062,41.70556640625,68.85163116455078,0,0,-3,214,22634.5,0
63.89517211914062,41.70556640625,68.10163116455078,0,0,-3,213,22634.75,0
63.89517211914062,41.70556640625,67.35163116455078,0,0,-2.599999904632568,212,22635,0
63.89517211914062,41.70556640625,66.70162963867188,-0.25,0.25,-3,211,22635.25,0
63.83267211914062,41.76806640625,65.95162963867188,0,0,-2.599999904632568,210,22635.5,0
63.83267211914062,41.76806640625,65.30162811279297,0,0,-3,209,22635.75,0
63.83267211914062,41.76806640625,64.55162811279297,0.25,-0.25,-3.400000095367432,208,22636,0
63.89517211914062,41.70556640625,63.70162963867188,0,-0.5,-3.800000190734863,207,22636.25,0
63.89517211914062,41.58056640625,62.75162887573242,0.25,-0.25,-4.200000286102295,206,22636.5,0
63.95767211914062,41.51806640625,61.70162963867188,0,0,-3.800000190734863,205,22636.75,0
63.95767211914062,41.51806640625,60.75162887573242,0.25,0.25,-3.400000095367432,204,22637,0
64.02017211914062,41.58056640625,59.90163040161133,0.5,0.5,-3,203,22637.25,0
64.14517211914062,41.70556640625,59.15163040161133,0.75,0.25,-2.599999904632568,202,22637.5,0
64.33267211914062,41.76806640625,58.50162887573242,0.5,0,-3,201,22637.75,0
64.45767211914062,41.76806640625,57.75162887573242,0.75,0,-2.599999904632568,200,22638,0
64.64517211914062,41.76806640625,57.10162734985352,1,-0.25,-3,199,22638.25,0
64.89517211914062,41.70556640625,56.35162734985352,0.9672397971153259,0,-3,198,22638.5,0
65.13698577880859,41.70556640625,55.60162734985352,0.9672397971153259,0.25,-3,197,22638.75,0
65.37879943847656,41.76806640625,54.85162734985352,0.7291366457939148,0,-3,196,22639,0
65.56108093261719,41.76806640625,54.10162734985352,0.9791366457939148,-0.25,-3.400000095367432,195,22639.25,0
65.80586242675781,41.70556640625,53.25162887573242,0.7291366457939148,0,-3,194,22639.5,0
65.98814392089844,41.70556640625,52.50162887573242,0.4791366457939148,0,-2.599999904632568,193,22639.75,0
66.10792541503906,41.70556640625,51.85162734985352,0.2291366457939148,0,-3,192,22640,0
66.16520690917969,41.70556640625,51.10162734985352,-0.02086335420608521,0.25,-3.400000095367432,191,22640.25,0
66.15998840332031,41.76806640625,50.25162887573242,0,0,-3,190,22640.5,0
66.15998840332031,41.76806640625,49.50162887573242,0.25,0.25,-3.400000095367432,189,22640.75,0
66.22248840332031,41.83056640625,48.65163040161133,0.5,0,-3,188,22641,0
66.34748840332031,41.83056640625,47.90163040161133,0.75,0.25,-3.400000095367432,187,22641.25,0
66.53498840332031,41.89306640625,47.05163192749023,0.5,0,-3,186,22641.5,0
66.65998840332031,41.89306640625,46.30163192749023,0.75,-0.25,-2.599999904632568,185,22641.75,0
66.84748840332031,41.83056640625,45.65163040161133,0.5,0,-3,184,22642,0
66.97248840332031,41.83056640625,44.90163040161133,0.75,0.25,-3.400000095367432,183,22642.25,0
67.15998840332031,41.89306640625,44.05163192749023,0.5,0,-3.800000190734863,182,22642.5,0
67.28498840332031,41.89306640625,43.10163116455078,0.75,0.25,-3.400000095367432,181,22642.75,0
67.47248840332031,41.95556640625,42.25163269042969,1,0,-3,180,22643,0
67.72248840332031,41.95556640625,41.50163269042969,0.75,-0.25,-3,179,22643.25,0
67.90998840332031,41.89306640625,40.75163269042969,1,-0.5,-3,178,22643.5,0
68.15998840332031,41.76806640625,40.00163269042969,0.75,-0.25,-3.400000095367432,177,22643.75,0
68.34748840332031,41.70556640625,39.15163421630859,0.5,0,-3,176,22644,0
68.47248840332031,41.70556640625,38.40163421630859,0.25,0,-3,175,22644.25,0
68.53498840332031,41.70556640625,37.65163421630859,0,0,-3,174,22644.5,0
68.53498840332031,41.70556640625,36.90163421630859,0.25,0,-2.599999904632568,173,22644.75,0
68.59748840332031,41.70556640625,36.25163269042969,0,0,-2.199999809265137,172,22645,0
68.59748840332031,41.70556640625,35.70163345336914,0.25,0,-2.599999904632568,171,22645.25,0
68.65998840332031,41.70556640625,35.05163192749023,0,0,-3,170,22645.5,0
68.65998840332031,41.70556640625,34.30163192749023,0.25,-0.25,-3,169,22645.75,0
68.72248840332031,41.64306640625,33.55163192749023,0,0,-2.599999904632568,168,22646,0
68.72248840332031,41.64306640625,32.90163040161133,0,0,-2.199999809265137,167,22646.25,0
68.72248840332031,41.64306640625,32.35163116455078,0.25,0.25,-1.799999833106995,166,22646.5,0
68.78498840332031,41.70556640625,31.90163040161133,0.5,0,-2.199999809265137,165,22646.75,0
68.90998840332031,41.70556640625,31.35163116455078,0.25,0.25,-2.599999904632568,164,22647,0
68.97248840332031,41.76806640625,30.70163154602051,0,0,-3,163,22647.25,0
68.97248840332031,41.76806640625,29.95163154602051,-0.25,-0.25,-2.599999904632568,162,22647.5,0
68.90998840332031,41.70556640625,29.30163192749023,0,0,-3,161,22647.75,0
68.90998840332031,41.70556640625,28.55163192749023,0.25,0,-3.400000095367432,160,22648,0
68.97248840332031,41.70556640625,27.70163154602051,0,-0.25,-3.800000190734863,159,22648.25,0
68.97248840332031,41.64306640625,26.75163078308105,-0.25,-0.5,-3.400000095367432,158,22648.5,0
68.90998840332031,41.51806640625,25.90163040161133,0,-0.25,-3.800000190734863,157,22648.75,0
68.90998840332031,41.45556640625,24.95162963867188,0.25,-0.5,-3.400000095367432,156,22649,0
68.97248840332031,41.33056640625,24.10162925720215,0,-0.25,-3,155,22649.25,0
68.97248840332031,41.26806640625,23.35162925720215,0.25,0,-3.400000095367432,154,22649.5,0
69.03498840332031,41.26806640625,22.50162887573242,0.5,0,-3.800000190734863,153,22649.75,0
69.15998840332031,41.26806640625,21.55162811279297,0.25,0.25,-3.400000095367432,152,22650,0
69.22248840332031,41.33056640625,20.70162773132324,0.5,0,-3,151,22650.25,0
69.34748840332031,41.33056640625,19.95162773132324,0.7291366457939148,-0.25,-3.400000095367432,150,22650.5,0
69.52976989746094,41.26806640625,19.10162734985352,0.4791366457939148,0,-3,149,22650.75,0
69.64955139160156,41.26806640625,18.35162734985352,0.7291366457939148,0,-3.400000095367432,148,22651,0
69.83183288574219,41.26806640625,17.50162696838379,0.7291366457939148,-0.25,-3,147,22651.25,0
70.01411437988281,41.20556640625,16.75162696838379,0.4791366457939148,-0.5,-3.400000095367432,146,22651.5,0
70.13389587402344,41.08056640625,15.90162658691406,0.7291366457939148,-0.75,-3,145,22651.75,0
70.31617736816406,40.89306640625,15.15162658691406,0.4791366457939148,-0.5,-3.400000095367432,144,22652,0
70.43595886230469,40.76806640625,14.30162620544434,0.2291366457939148,-0.25,-3.800000190734863,143,22652.25,0
70.49324035644531,40.70556640625,13.3516263961792,0.4791366457939148,-0.5,-3.400000095367432,142,22652.5,0
70.61302185058594,40.58056640625,12.50162601470947,0.7291366457939148,-0.25,-3,141,22652.75,0
70.79530334472656,40.51806640625,11.75162601470947,0.4791366457939148,0,-3.400000095367432,140,22653,0
70.91508483886719,40.51806640625,10.90162563323975,0.2291366457939148,0.25,-3.800000190734863,139,22653.25,0
70.97236633300781,40.58056640625,9.951625823974609,0.4791366457939148,0.5,-4.200000286102295,138,22653.5,0
71.09214782714844,40.70556640625,8.901625633239746,0.2291366457939148,0.25,-3.800000190734863,137,22653.75,0
71.14942932128906,40.76806640625,7.951625823974609,0,0,-4.200000286102295,136,22654,0
71.14942932128906,40.76806640625,6.901625633239746,-0.25,0.25,-4.600000381469727,135,22654.25,0
71.08692932128906,40.83056640625,5.751625537872314,0,0.5,-5.000000476837158,134,22654.5,0
71.08692932128906,40.95556640625,4.501625537872314,0.25,0.25,-5.40000057220459,133,22654.75,0
71.14942932128906,41.01806640625,3.151625394821167,0,0,-5.000000476837158,132,22655,0
71.14942932128906,41.01806640625,1.901625275611877,0.25,0,-5.40000057220459,131,22655.25,0
71.21192932128906,41.01806640625,0.55162513256073,0,0.25,-5.800000667572021,130,22655.5,0
71.21192932128906,41.08056640625,-0.8983750343322754,0,0,-6,129,22655.75,4
86.12664031982422,9.506380081176758,91.26134490966797,0,0,0,244,22656,0
86.12664031982422,9.506380081176758,91.26134490966797,0,0,-0.4000000059604645,243,22656.25,0
86.12664031982422,9.506380081176758,91.16134643554688,-0.25,-0.25,0,242,22656.5,0
86.06414031982422,9.443880081176758,91.16134643554688,0,0,-0.4000000059604645,241,22656.75,0
86.06414031982422,9.443880081176758,91.06134796142578,0,0,-0.800000011920929,240,22657,0
86.06414031982422,9.443880081176758,90.86135101318359,0.25,0,-1.200000047683716,239,22657.25,0
86.12664031982422,9.443880081176758,90.56134796142578,0.5,0,-1.600000023841858,238,22657.5,0
86.25164031982422,9.443880081176758,90.16134643554688,0.75,0,-2,237,22657.75,0
86.43914031982422,9.443880081176758,89.66134643554688,0.5,-0.25,-2.400000095367432,236,22658,0
86.56414031982422,9.381380081176758,89.06134796142578,0.25,-0.5,-2,235,22658.25,0
86.62664031982422,9.256380081176758,88.56134796142578,0.5,-0.25,-2.400000095367432,234,22658.5,0
86.75164031982422,9.193880081176758,87.96134948730469,0.25,0,-2.800000190734863,233,22658.75,0
86.81414031982422,9.193880081176758,87.2613525390625,0,0,-2.400000095367432,232,22659,0
86.81414031982422,9.193880081176758,86.66135406494141,0,0,-2.800000190734863,231,22659.25,0
86.81414031982422,9.193880081176758,85.96135711669922,0,0,-3.200000286102295,230,22659.5,0
86.81414031982422,9.193880081176758,85.16135406494141,0,0,-2.800000190734863,229,22659.75,0
86.81414031982422,9.193880081176758,84.46135711669922,0,0,-3,228,22660,0
86.81414031982422,9.193880081176758,83.71135711669922,-0.25,0.25,-2.599999904632568,227,22660.25,0
86.75164031982422,9.256380081176758,83.06135559082031,-0.2525961995124817,0.5,-2.199999809265137,226,22660.5,0
86.68849182128906,9.381380081176758,82.5113525390625,-0.002596199512481689,0.25,-2.599999904632568,225,22660.75,0
86.68784332275391,9.443880081176758,81.86135101318359,0,0,-3,224,22661,0
86.68784332275391,9.443880081176758,81.11135101318359,0,0,-3,223,22661.25,0
86.68784332275391,9.443880081176758,80.36135101318359,0.25,0,-2.599999904632568,222,22661.5,0
86.75034332275391,9.443880081176758,79.71134948730469,0,0,-2.199999809265137,221,22661.75,0
86.75034332275391,9.443880081176758,79.16134643554688,0,0,-2.599999904632568,220,22662,0
86.75034332275391,9.443880081176758,78.51134490966797,-0.25,0.25,-3,219,22662.25,0
86.68784332275391,9.506380081176758,77.76134490966797,-0.5,0,-3.400000095367432,218,22662.5,0
86.56284332275391,9.506380081176758,76.91134643554688,-0.25,0,-3,217,22662.75,0
86.50034332275391,9.506380081176758,76.16134643554688,0,0,-3,216,22663,0
86.50034332275391,9.506380081176758,75.41134643554688,0,0,-3,215,22663.25,0
86.50034332275391,9.506380081176758,74.66134643554688,0,0,-3.400000095367432,214,22663.5,0
86.50034332275391,9.506380081176758,73.81134796142578,0.25,0,-3,213,22663.75,0
86.56284332275391,9.506380081176758,73.06134796142578,0.5,-0.25,-2.599999904632568,212,22664,0
86.68784332275391,9.443880081176758,72.41134643554688,0.25,-0.4979777932167053,-2.199999809265137,211,22664.25,0
86.75034332275391,9.319385528564453,71.86134338378906,0,-0.2479777932167053,-1.799999833106995,210,22664.5,0
86.75034332275391,9.257390975952148,71.41134643554688,0,0,-2.199999809265137,209,22664.75,0
86.75034332275391,9.257390975952148,70.86134338378906,0,0,-1.799999833106995,208,22665,0
86.75034332275391,9.257390975952148,70.41134643554688,0,0,-2.199999809265137,207,22665.25,0
86.75034332275391,9.257390975952148,69.86134338378906,0.25,0.25,-1.799999833106995,206,22665.5,0
86.81284332275391,9.319890975952148,69.41134643554688,0.5,0.5,-1.399999856948853,205,22665.75,0
86.93784332275391,9.444890975952148,69.06134796142578,0.75,0.25,-0.9999998807907104,204,22666,0
87.12534332275391,9.507390975952148,68.81134796142578,0.5,0,-1.399999856948853,203,22666.25,0
87.25034332275391,9.507390975952148,68.46134948730469,0.25,0.25,-1.799999833106995,202,22666.5,0
87.31284332275391,9.569890975952148,68.0113525390625,0,0,-2.199999809265137,201,22666.75,0
87.31284332275391,9.569890975952148,67.46134948730469,-0.25,-0.25,-2.599999904632568,200,22667,0
87.25034332275391,9.507390975952148,66.81134796142578,0,0,-3,199,22667.25,0
87.25034332275391,9.507390975952148,66.06134796142578,0.25,0.25,-2.599999904632568,198,22667.5,0
87.31284332275391,9.569890975952148,65.41134643554688,0.5,0,-3,197,22667.75,0
87.43784332275391,9.569890975952148,64.66134643554688,0.75,0,-2.599999904632568,196,22668,0
87.62534332275391,9.569890975952148,64.01134490966797,0.7291366457939148,-0.25,-2.199999809265137,195,22668.25,0
87.80762481689453,9.507390975952148,63.46134567260742,0.4791366457939148,-0.5,-2.599999904632568,194,22668.5,0
87.92740631103516,9.382390975952148,62.81134414672852,0.2291366457939148,-0.25,-3,193,22668.75,0
87.98468780517578,9.319890975952148,62.06134414672852,-0.02086335420608521,-0.5,-3.400000095367432,192,22669,0
87.97946929931641,9.194890975952148,61.21134567260742,-0.2708633542060852,-0.75,-3,191,22669.25,0
87.91175079345703,9.007390975952148,60.46134567260742,-0.5208633542060852,-1,-2.599999904632568,190,22669.5,0
87.78153228759766,8.757390975952148,59.81134414672852,-0.2708633542060852,-0.75,-2.199999809265137,189,22669.75,0
87.71381378173828,8.569890975952148,59.26134490966797,-0.02086335420608521,-0.5,-1.799999833106995,188,22670,0
87.70859527587891,8.444890975952148,58.81134414672852,0,-0.25,-2.199999809265137,187,22670.25,0
87.70859527587891,8.382390975952148,58.26134490966797,0,0,-2.599999904632568,186,22670.5,0
87.70859527587891,8.382390975952148,57.61134338378906,-0.25,0.25,-3,185,22670.75,0
87.64609527587891,8.444890975952148,56.86134338378906,0,0,-3.400000095367432,184,22671,0
87.64609527587891,8.444890975952148,56.01134490966797,-0.25,0.25,-3.800000190734863,183,22671.25,0
87.58359527587891,8.507390975952148,55.06134414672852,0,0,-4.200000286102295,182,22671.5,0
87.58359527587891,8.507390975952148,54.01134490966797,-0.25,0.25,-3.800000190734863,181,22671.75,0
87.52109527587891,8.569890975952148,53.06134414672852,-0.2525961995124817,0.5,-3.400000095367432,180,22672,0
87.45794677734375,8.694890975952148,52.21134567260742,-0.002596199512481689,0.25,-3,179,22672.25,0
87.45729827880859,8.757390975952148,51.46134567260742,0,0,-3,178,22672.5,0
87.45729827880859,8.757390975952148,50.71134567260742,0,0,-3,177,22672.75,0
87.45729827880859,8.757390975952148,49.96134567260742,-0.25,0.25,-2.599999904632568,176,22673,0
87.39479827880859,8.819890975952148,49.31134414672852,0,0.5,-3,175,22673.25,0
87.39479827880859,8.944890975952148,48.56134414672852,0.25,0.75,-2.599999904632568,174,22673.5,0
87.45729827880859,9.132390975952148,47.91134262084961,0,0.5,-2.199999809265137,173,22673.75,0
87.45729827880859,9.257390975952148,47.36134338378906,0,0.25,-1.799999833106995,172,22674,0
87.45729827880859,9.319890975952148,46.91134262084961,0.25,0,-2.199999809265137,171,22674.25,0
87.51979827880859,9.319890975952148,46.36134338378906,0.5,0.25,-2.599999904632568,170,22674.5,0
87.64479827880859,9.382390975952148,45.71134185791016,0.25,0,-2.199999809265137,169,22674.75,0
87.70729827880859,9.382390975952148,45.16134262084961,0,0.25,-2.599999904632568,168,22675,0
87.70729827880859,9.444890975952148,44.5113410949707,0.25,0,-3,167,22675.25,0
87.76979827880859,9.444890975952148,43.7613410949707,0,0,-2.599999904632568,166,22675.5,0
87.76979827880859,9.444890975952148,43.1113395690918,0.25,0,-3,165,22675.75,0
87.83229827880859,9.444890975952148,42.3613395690918,0,0.25,-3,164,22676,0
87.83229827880859,9.507390975952148,41.6113395690918,0.25,0,-3,163,22676.25,0
87.89479827880859,9.507390975952148,40.8613395690918,0,0,-2.599999904632568,162,22676.5,0
87.89479827880859,9.507390975952148,40.21133804321289,0.25,0.25,-3,161,22676.75,0
87.95729827880859,9.569890975952148,39.46133804321289,0,0,-3.400000095367432,160,22677,0
87.95729827880859,9.569890975952148,38.6113395690918,-0.25,-0.25,-3,159,22677.25,0
87.89479827880859,9.507390975952148,37.8613395690918,0,0,-2.599999904632568,158,22677.5,0
87.89479827880859,9.507390975952148,37.21133804321289,0.25,0.25,-2.199999809265137,157,22677.75,0
87.95729827880859,9.569890975952148,36.66133880615234,0.5,0.5,-2.599999904632568,156,22678,0
88.08229827880859,9.694890975952148,36.01133728027344,0.25,0.25,-3,155,22678.25,0
88.14479827880859,9.757390975952148,35.26133728027344,0,0.5,-2.599999904632568,154,22678.5,0
88.14479827880859,9.882390975952148,34.61133575439453,0,0.25,-3,153,22678.75,0
88.14479827880859,9.944890975952148,33.86133575439453,0,0,-3.400000095367432,152,22679,0
88.14479827880859,9.944890975952148,33.01133728027344,0,0,-3,151,22679.25,0
88.14479827880859,9.944890975952148,32.26133728027344,0.25,-0.25,-3.400000095367432,150,22679.5,0
88.20729827880859,9.882390975952148,31.41133689880371,0,0,-3,149,22679.75,0
88.20729827880859,9.882390975952148,30.66133689880371,-0.25,-0.25,-3.400000095367432,148,22680,0
88.14479827880859,9.819890975952148,29.81133651733398,0,0,-3,147,22680.25,0
88.14479827880859,9.819890975952148,29.06133651733398,0,0,-2.599999904632568,146,22680.5,0
88.14479827880859,9.819890975952148,28.41133689880371,0,0,-3,145,22680.75,0
88.14479827880859,9.819890975952148,27.66133689880371,-0.25,-0.25,-3,144,22681,0
88.08229827880859,9.757390975952148,26.91133689880371,0,0,-2.599999904632568,143,22681.25,0
88.08229827880859,9.757390975952148,26.26133728027344,0.25,0.25,-2.199999809265137,142,22681.5,0
88.14479827880859,9.819890975952148,25.71133804321289,0,0.5,-2.599999904632568,141,22681.75,0
88.14479827880859,9.944890975952148,25.06133842468262,-0.25,0.25,-2.199999809265137,140,22682,0
88.08229827880859,10.00739097595215,24.51133918762207,0,0,-2.599999904632568,139,22682.25,0
88.08229827880859,10.00739097595215,23.8613395690918,0,0,-3,138,22682.5,0
88.08229827880859,10.00739097595215,23.1113395690918,0,0,-3.400000095367432,137,22682.75,0
88.08229827880859,10.00739097595215,22.26133918762207,0.25,0,-3,136,22683,0
88.14479827880859,10.00739097595215,21.51133918762207,0.5,-0.25,-3,135,22683.25,0
88.26979827880859,9.944890975952148,20.76133918762207,0.25,0,-2.599999904632568,134,22683.5,0
88.33229827880859,9.944890975952148,20.1113395690918,0,0.25,-2.199999809265137,133,22683.75,0
88.33229827880859,10.00739097595215,19.56134033203125,0,0,-2.599999904632568,132,22684,0
88.33229827880859,10.00739097595215,18.91134071350098,0.25,-0.25,-3,131,22684.25,0
88.39479827880859,9.944890975952148,18.16134071350098,0,0,-2.599999904632568,130,22684.5,0
88.39479827880859,9.944890975952148,17.5113410949707,-0.25,-0.25,-3,129,22684.75,0
88.33229827880859,9.882390975952148,16.7613410949707,0,0,-3,128,22685,0
88.33229827880859,9.882390975952148,16.0113410949707,-0.25,-0.25,-2.599999904632568,127,22685.25,0
88.26979827880859,9.819890975952148,15.36134147644043,0,0,-3,126,22685.5,0
88.26979827880859,9.819890975952148,14.61134147644043,0.25,-0.25,-2.599999904632568,125,22685.75,0
88.33229827880859,9.757390975952148,13.96134185791016,0,0,-3,124,22686,0
88.33229827880859,9.757390975952148,13.21134185791016,-0.25,0.25,-3.400000095367432,123,22686.25,0
88.26979827880859,9.819890975952148,12.36134147644043,-0.5,0,-3.800000190734863,122,22686.5,0
88.14479827880859,9.819890975952148,11.41134166717529,-0.25,-0.25,-4.200000286102295,121,22686.75,0
88.08229827880859,9.757390975952148,10.36134147644043,0,0,-4.600000381469727,120,22687,0
88.08229827880859,9.757390975952148,9.211341857910156,0.25,-0.25,-5.000000476837158,119,22687.25,0
88.14479827880859,9.694890975952148,7.961341857910156,0.5,0,-5.40000057220459,118,22687.5,0
88.26979827880859,9.694890975952148,6.61134147644043,0.75,0.25,-5.000000476837158,117,22687.75,0
88.45729827880859,9.757390975952148,5.36134147644043,0.5,0,-4.600000381469727,116,22688,0
88.58229827880859,9.757390975952148,4.211341381072998,0.25,0,-5.000000476837158,115,22688.25,0
88.64479827880859,9.757390975952148,2.961341381072998,0,-0.25,-4.600000381469727,114,22688.5,0
88.64479827880859,9.694890975952148,1.811341285705566,0,0,-4.200000286102295,113,22688.75,0
88.64479827880859,9.694890975952148,0.7613412141799927,-0.25,-0.25,-4.600000381469727,112,22689,0
88.58229827880859,9.632390975952148,-0.388658881187439,0,0,-4.200000286102295,111,22689.25,4
32.69578170776367,-23.18507385253906,95.34046173095703,0,0,0,244,22689.5,0
32.69578170776367,-23.18507385253906,95.34046173095703,0.25,0.25,0.4000000059604645,243,22689.75,0
32.75828170776367,-23.12257385253906,95.44046020507812,0,0,0,242,22690,0
32.75828170776367,-23.12257385253906,95.44046020507812,0.25,0,0.4000000059604645,241,22690.25,0
32.82078170776367,-23.12257385253906,95.54045867919922,0,0,0,240,22690.5,0
32.82078170776367,-23.12257385253906,95.54045867919922,0.25,0.25,0.4000000059604645,239,22690.75,0
32.88328170776367,-23.06007385253906,95.64045715332031,0,0,0.800000011920929,238,22691,0
32.88328170776367,-23.06007385253906,95.8404541015625,-0.25,-0.25,0.4000000059604645,237,22691.25,0
32.82078170776367,-23.12257385253906,95.94045257568359,0,0,0,236,22691.5,0
32.82078170776367,-23.12257385253906,95.94045257568359,0.25,0.25,0.4000000059604645,235,22691.75,0
32.88328170776367,-23.06007385253906,96.04045104980469,0,0,0,234,22692,0
32.88328170776367,-23.06007385253906,96.04045104980469,0,0,-0.4000000059604645,233,22692.25,0
32.88328170776367,-23.06007385253906,95.94045257568359,0.25,0,0,232,22692.5,0
32.94578170776367,-23.06007385253906,95.94045257568359,0,0,-0.4000000059604645,231,22692.75,0
32.94578170776367,-23.06007385253906,95.8404541015625,0.25,-0.25,0,230,22693,0
33.00828170776367,-23.12257385253906,95.8404541015625,0,-0.5,0.4000000059604645,229,22693.25,0
33.00828170776367,-23.24757385253906,95.94045257568359,0,-0.25,0,228,22693.5,0
33.00828170776367,-23.31007385253906,95.94045257568359,0,0,0.4000000059604645,227,22693.75,0
33.00828170776367,-23.31007385253906,96.04045104980469,-0.25,-0.25,0.800000011920929,226,22694,0
32.94578170776367,-23.37257385253906,96.24044799804688,0,0,0.4000000059604645,225,22694.25,0
32.94578170776367,-23.37257385253906,96.34044647216797,-0.25,0.25,0,224,22694.5,0
32.88328170776367,-23.31007385253906,96.34044647216797,0,0,0.4000000059604645,223,22694.75,0
32.88328170776367,-23.31007385253906,96.44044494628906,0,0,0.800000011920929,222,22695,0
32.88328170776367,-23.31007385253906,96.64044189453125,0,0,0.4000000059604645,221,22695.25,0
32.88328170776367,-23.31007385253906,96.74044036865234,0.25,0.25,0.800000011920929,220,22695.5,0
32.94578170776367,-23.24757385253906,96.94043731689453,0,0,0.4000000059604645,219,22695.75,0
32.94578170776367,-23.24757385253906,97.04043579101562,-0.25,0.25,0,218,22696,0
32.88328170776367,-23.18507385253906,97.04043579101562,0,0,-0.4000000059604645,217,22696.25,0
32.88328170776367,-23.18507385253906,96.94043731689453,0,0,-0.800000011920929,216,22696.5,0
32.88328170776367,-23.18507385253906,96.74044036865234,0,0,-1.200000047683716,215,22696.75,0
32.88328170776367,-23.18507385253906,96.44043731689453,-0.25,0.25,-1.600000023841858,214,22697,0
32.82078170776367,-23.12257385253906,96.04043579101562,0,0,-2,213,22697.25,0
32.82078170776367,-23.12257385253906,95.54043579101562,-0.25,-0.25,-2.400000095367432,212,22697.5,0
32.75828170776367,-23.18507385253906,94.94043731689453,-0.5,0,-2.800000190734863,211,22697.75,0
32.63328170776367,-23.18507385253906,94.24044036865234,-0.25,0,-2.400000095367432,210,22698,0
32.57078170776367,-23.18507385253906,93.64044189453125,0,0,-2,209,22698.25,0
32.57078170776367,-23.18507385253906,93.14044189453125,0.25,0,-2.400000095367432,208,22698.5,0
32.63328170776367,-23.18507385253906,92.54044342041016,0,0,-2,207,22698.75,0
32.63328170776367,-23.18507385253906,92.04044342041016,0.25,0.25,-2.400000095367432,206,22699,0
32.69578170776367,-23.12257385253906,91.44044494628906,0,0.5,-2.800000190734863,205,22699.25,0
32.69578170776367,-22.99757385253906,90.74044799804688,-0.25,0.25,-2.400000095367432,204,22699.5,0
32.63328170776367,-22.93507385253906,90.14044952392578,0,0,-2.800000190734863,203,22699.75,0
32.63328170776367,-22.93507385253906,89.44045257568359,-0.25,-0.25,-3.200000286102295,202,22700,0
32.57078170776367,-22.99757385253906,88.64044952392578,0,0,-2.800000190734863,201,22700.25,0
32.57078170776367,-22.99757385253906,87.94045257568359,-0.25,-0.25,-2.400000095367432,200,22700.5,0
32.50828170776367,-23.06007385253906,87.3404541015625,-0.5,-0.5,-2,199,22700.75,0
32.38328170776367,-23.18507385253906,86.8404541015625,-0.25,-0.25,-2.400000095367432,198,22701,0
32.32078170776367,-23.24757385253906,86.24045562744141,0,0,-2.800000190734863,197,22701.25,0
32.32078170776367,-23.24757385253906,85.54045867919922,0,0,-3.200000286102295,196,22701.5,0
32.32078170776367,-23.24757385253906,84.74045562744141,0,0,-3.600000381469727,195,22701.75,0
32.32078170776367,-23.24757385253906,83.8404541015625,0.25,0,-3.200000286102295,194,22702,0
32.38328170776367,-23.24757385253906,83.04045104980469,0.5,-0.25,-3,193,22702.25,0
32.50828170776367,-23.31007385253906,82.29045104980469,0.7291366457939148,-0.5,-3.400000095367432,192,22702.5,0
32.69056701660156,-23.43507385253906,81.44045257568359,0.4791366457939148,-0.25,-3,191,22702.75,0
32.81035232543945,-23.49757385253906,80.69045257568359,0.7291366457939148,0,-2.599999904632568,190,22703,0
32.99263763427734,-23.49757385253906,80.04045104980469,0.4791366457939148,-0.25,-3,189,22703.25,0
33.11242294311523,-23.56007385253906,79.29045104980469,0.7291366457939148,0,-2.599999904632568,188,22703.5,0
33.29470825195312,-23.56007385253906,78.64044952392578,0.4791366457939148,0.25,-3,187,22703.75,0
33.41449356079102,-23.49757385253906,77.89044952392578,0.2291366457939148,0.5,-2.599999904632568,186,22704,0
33.47177886962891,-23.37257385253906,77.24044799804688,0,0.25,-3,185,22704.25,0
33.47177886962891,-23.31007385253906,76.49044799804688,0.25,0,-3,184,22704.5,0
33.53427886962891,-23.31007385253906,75.74044799804688,0,0,-3,183,22704.75,0
33.53427886962891,-23.31007385253906,74.99044799804688,0.25,0.25,-3,182,22705,0
33.59677886962891,-23.24757385253906,74.24044799804688,0.5,0,-3.400000095367432,181,22705.25,0
33.72177886962891,-23.24757385253906,73.39044952392578,0.75,0,-3,180,22705.5,0
33.90927886962891,-23.24757385253906,72.64044952392578,0.5,0,-3,179,22705.75,0
34.03427886962891,-23.24757385253906,71.89044952392578,0.75,0,-2.599999904632568,178,22706,0
34.22177886962891,-23.24757385253906,71.24044799804688,0.9672397971153259,0.25,-3,177,22706.25,0
34.46358871459961,-23.18507385253906,70.49044799804688,0.7172397971153259,0,-2.599999904632568,176,22706.5,0
34.64289855957031,-23.18507385253906,69.84044647216797,0.9672397971153259,-0.25,-3,175,22706.75,0
34.88470840454102,-23.24757385253906,69.09044647216797,0.9672397971153259,0,-3.400000095367432,174,22707,0
35.12651824951172,-23.24757385253906,68.24044799804688,0.9672397971153259,0.25,-3.800000190734863,173,22707.25,0
35.36832809448242,-23.18507385253906,67.29045104980469,0.7172397971153259,0,-3.400000095367432,172,22707.5,0
35.54763793945312,-23.18507385253906,66.44045257568359,0.9672397971153259,0,-3.800000190734863,171,22707.75,0
35.78944778442383,-23.18507385253906,65.49045562744141,1.217239856719971,0,-4.200000286102295,170,22708,0
36.09375762939453,-23.18507385253906,64.44045257568359,0.9672398567199707,0.25,-3.800000190734863,169,22708.25,0
36.33556747436523,-23.12257385253906,63.49045181274414,0.7172398567199707,0.5,-3.400000095367432,168,22708.5,0
36.51487731933594,-22.99757385253906,62.64045333862305,0.4672398567199707,0.25,-3.800000190734863,167,22708.75,0
36.63168716430664,-22.93507385253906,61.69045257568359,0.7172398567199707,0,-3.400000095367432,166,22709,0
36.81099700927734,-22.93507385253906,60.8404541015625,0.4672398567199707,-0.25,-3,165,22709.25,0
36.92780685424805,-22.99757385253906,60.0904541015625,0.7172398567199707,0,-3.400000095367432,164,22709.5,0
37.10711669921875,-22.99757385253906,59.24045562744141,0.4672398567199707,0,-3,163,22709.75,0
37.22392654418945,-22.99757385253906,58.49045562744141,0.7172398567199707,-0.25,-3,162,22710,0
37.40323638916016,-23.06007385253906,57.74045562744141,0.4672398567199707,0,-2.599999904632568,161,22710.25,0
37.52004623413086,-23.06007385253906,57.0904541015625,0.2172398567199707,0,-3,160,22710.5,0
37.57435607910156,-23.06007385253906,56.3404541015625,-0.0327601432800293,0.25,-3,159,22710.75,0
37.56616592407227,-22.99757385253906,55.5904541015625,-0.2827601432800293,0,-2.599999904632568,158,22711,0
37.49547576904297,-22.99757385253906,54.94045257568359,-0.5051923990249634,0.25,-2.199999809265137,157,22711.25,0
37.36917877197266,-22.93507385253906,54.39045333862305,-0.2551923990249634,0,-2.599999904632568,156,22711.5,0
37.30538177490234,-22.93507385253906,53.74045181274414,-0.005192399024963379,0.25,-3,155,22711.75,0
37.30408477783203,-22.87257385253906,52.99045181274414,0,0,-3.400000095367432,154,22712,0
37.30408477783203,-22.87257385253906,52.14045333862305,0.25,0.25,-3,153,22712.25,0
37.36658477783203,-22.81007385253906,51.39045333862305,0,0.5,-2.599999904632568,152,22712.5,0
37.36658477783203,-22.68507385253906,50.74045181274414,0,0.25,-2.199999809265137,151,22712.75,0
37.36658477783203,-22.62257385253906,50.19045257568359,0.25,0,-1.799999833106995,150,22713,0
37.42908477783203,-22.62257385253906,49.74045181274414,0,-0.25,-2.199999809265137,149,22713.25,0
37.42908477783203,-22.68507385253906,49.19045257568359,0,0,-2.599999904632568,148,22713.5,0
37.42908477783203,-22.68507385253906,48.54045104980469,0.25,-0.25,-3,147,22713.75,0
37.49158477783203,-22.74757385253906,47.79045104980469,0,0,-3.400000095367432,146,22714,0
37.49158477783203,-22.74757385253906,46.94045257568359,-0.25,0.25,-3,145,22714.25,0
37.42908477783203,-22.68507385253906,46.19045257568359,0,0,-3,144,22714.5,0
37.42908477783203,-22.68507385253906,45.44045257568359,0.25,0.25,-2.599999904632568,143,22714.75,0
37.49158477783203,-22.62257385253906,44.79045104980469,0,0,-3,142,22715,0
37.49158477783203,-22.62257385253906,44.04045104980469,-0.25,0.25,-3.400000095367432,141,22715.25,0
37.42908477783203,-22.56007385253906,43.19045257568359,0,0,-3.800000190734863,140,22715.5,0
37.42908477783203,-22.56007385253906,42.24045181274414,0,0,-3.400000095367432,139,22715.75,0
37.42908477783203,-22.56007385253906,41.39045333862305,0.25,-0.25,-3,138,22716,0
37.49158477783203,-22.62257385253906,40.64045333862305,0.5,-0.5,-3.400000095367432,137,22716.25,0
37.61658477783203,-22.74757385253906,39.79045486450195,0.25,-0.25,-3,136,22716.5,0
37.67908477783203,-22.81007385253906,39.04045486450195,0,-0.5,-2.599999904632568,135,22716.75,0
37.67908477783203,-22.93507385253906,38.39045333862305,0.25,-0.5759572982788086,-2.199999809265137,134,22717,0
37.74158477783203,-23.07906341552734,37.8404541015625,0,-0.3259572982788086,-2.599999904632568,133,22717.25,0
37.74158477783203,-23.16055297851562,37.19045257568359,-0.25,-0.5759572982788086,-2.199999809265137,132,22717.5,0
37.67908477783203,-23.30454254150391,36.64045333862305,0,-0.3259572982788086,-2.599999904632568,131,22717.75,0
37.67908477783203,-23.38603210449219,35.99045181274414,0.25,-0.07595729827880859,-3,130,22718,0
37.74158477783203,-23.40502166748047,35.24045181274414,0,0,-2.599999904632568,129,22718.25,0
37.74158477783203,-23.40502166748047,34.59045028686523,0.25,0.25,-3,128,22718.5,0
37.80408477783203,-23.34252166748047,33.84045028686523,0.5,0.5,-3.400000095367432,127,22718.75,0
37.92908477783203,-23.21752166748047,32.99045181274414,0.25,0.25,-3.800000190734863,126,22719,0
37.99158477783203,-23.15502166748047,32.04045104980469,0,0,-3.400000095367432,125,22719.25,0
37.99158477783203,-23.15502166748047,31.19045066833496,0,0,-3,124,22719.5,0
37.99158477783203,-23.15502166748047,30.44045066833496,0.25,0,-3,123,22719.75,0
38.05408477783203,-23.15502166748047,29.69045066833496,0.5,0.25,-2.599999904632568,122,22720,0
38.17908477783203,-23.09252166748047,29.04045104980469,0.25,0,-3,121,22720.25,0
38.24158477783203,-23.09252166748047,28.29045104980469,0,-0.25,-3.400000095367432,120,22720.5,0
38.24158477783203,-23.15502166748047,27.44045066833496,-0.25,-0.5,-3.800000190734863,119,22720.75,0
38.17908477783203,-23.28002166748047,26.49044990539551,-0.2525961995124817,-0.25,-3.400000095367432,118,22721,0
38.11593627929688,-23.34252166748047,25.64044952392578,-0.2525961995124817,0,-3,117,22721.25,0
38.05278778076172,-23.34252166748047,24.89044952392578,-0.5025961995124817,-0.25,-3.400000095367432,116,22721.5,0
37.92713928222656,-23.40502166748047,24.04044914245605,-0.2525961995124817,0,-3.800000190734863,115,22721.75,0
37.86399078369141,-23.40502166748047,23.0904483795166,-0.002596199512481689,0.25,-3.400000095367432,114,22722,0
37.86334228515625,-23.34252166748047,22.24044799804688,0,0,-3,113,22722.25,0
37.86334228515625,-23.34252166748047,21.49044799804688,0,0,-2.599999904632568,112,22722.5,0
37.86334228515625,-23.34252166748047,20.8404483795166,-0.25,0.25,-2.199999809265137,111,22722.75,0
37.80084228515625,-23.28002166748047,20.29044914245605,0,0,-1.799999833106995,110,22723,0
37.80084228515625,-23.28002166748047,19.8404483795166,-0.25,-0.25,-2.199999809265137,109,22723.25,0
37.73834228515625,-23.34252166748047,19.29044914245605,-0.2525961995124817,0,-2.599999904632568,108,22723.5,0
37.67519378662109,-23.34252166748047,18.64044952392578,-0.5025961995124817,-0.25,-2.199999809265137,107,22723.75,0
37.54954528808594,-23.40502166748047,18.09045028686523,-0.2525961995124817,0,-1.799999833106995,106,22724,0
37.48639678955078,-23.40502166748047,17.64044952392578,-0.002596199512481689,0.25,-1.399999856948853,105,22724.25,0
37.48574829101562,-23.34252166748047,17.29044914245605,0,0,-1.799999833106995,104,22724.5,0
37.48574829101562,-23.34252166748047,16.8404483795166,0,0,-2.199999809265137,103,22724.75,0
37.48574829101562,-23.34252166748047,16.29044914245605,0,0,-1.799999833106995,102,22725,0
37.48574829101562,-23.34252166748047,15.84044933319092,0,0,-2.199999809265137,101,22725.25,0
37.48574829101562,-23.34252166748047,15.29044914245605,0.25,0,-1.799999833106995,100,22725.5,0
37.54824829101562,-23.34252166748047,14.84044933319092,0.5,0,-1.399999856948853,99,22725.75,0
37.67324829101562,-23.34252166748047,14.49044895172119,0.7291366457939148,-0.25,-0.9999998807907104,98,22726,0
37.85553359985352,-23.40502166748047,14.24044895172119,0.4791366457939148,0,-1.399999856948853,97,22726.25,0
37.97531890869141,-23.40502166748047,13.89044857025146,0.7291366457939148,-0.25,-1.799999833106995,96,22726.5,0
38.1576042175293,-23.46752166748047,13.44044876098633,0.4791366457939148,0,-1.399999856948853,95,22726.75,0
38.27738952636719,-23.46752166748047,13.0904483795166,0.7291366457939148,-0.25,-1.799999833106995,94,22727,0
38.45967483520508,-23.53002166748047,12.64044857025146,0.4791366457939148,0,-2.199999809265137,93,22727.25,0
38.57946014404297,-23.53002166748047,12.0904483795166,0.7291366457939148,0.25,-2.599999904632568,92,22727.5,0
38.76174545288086,-23.46752166748047,11.44044876098633,0.4791366457939148,0,-3,91,22727.75,0
38.88153076171875,-23.46752166748047,10.69044876098633,0.2291366457939148,0,-3.400000095367432,90,22728,0
38.93881607055664,-23.46752166748047,9.840448379516602,0,0,-3,89,22728.25,0
38.93881607055664,-23.46752166748047,9.090448379516602,0.25,0.25,-2.599999904632568,88,22728.5,0
39.00131607055664,-23.40502166748047,8.440448760986328,0,0,-3,87,22728.75,0
39.00131607055664,-23.40502166748047,7.690448760986328,-0.25,-0.25,-2.599999904632568,86,22729,0
38.93881607055664,-23.46752166748047,7.040448665618896,0,-0.5,-2.199999809265137,85,22729.25,0
38.93881607055664,-23.59252166748047,6.490448951721191,-0.25,-0.75,-2.599999904632568,84,22729.5,0
38.87631607055664,-23.78002166748047,5.84044885635376,0,-1,-2.199999809265137,83,22729.75,0
38.87631607055664,-24.03002166748047,5.290449142456055,-0.25,-1.25,-2.599999904632568,82,22730,0
38.81381607055664,-24.34252166748047,4.640449047088623,0,-1,-3,81,22730.25,0
38.81381607055664,-24.59252166748047,3.890449047088623,-0.25,-0.75,-3,80,22730.5,0
38.75131607055664,-24.78002166748047,3.140449047088623,-0.2525961995124817,-0.5,-2.599999904632568,79,22730.75,0
38.68816757202148,-24.90502166748047,2.490448951721191,-0.002596199512481689,-0.25,-2.199999809265137,78,22731,0
38.68751907348633,-24.96752166748047,1.940448999404907,-0.2525961995124817,0,-2.599999904632568,77,22731.25,0
38.62437057495117,-24.96752166748047,1.290449023246765,-0.002596199512481689,0,-2.199999809265137,76,22731.5,0
38.62372207641602,-24.96752166748047,0.740449070930481,0,0,-1.799999833106995,75,22731.75,0
38.62372207641602,-24.96752166748047,0.2904491126537323,0,0,-2.199999809265137,74,22732,0
38.62372207641602,-24.96752166748047,-0.2595508396625519,0,0,-1.799999833106995,73,22732.25,2
1.580238342285156,43.2443733215332,84.03275299072266,0,0,0,244,22732.5,0
1.580238342285156,43.2443733215332,84.03275299072266,0.25,0.25,-0.4000000059604645,243,22732.75,0
1.642738342285156,43.3068733215332,83.93275451660156,0,0,0,242,22733,0
1.642738342285156,43.3068733215332,83.93275451660156,0,0,0.4000000059604645,241,22733.25,0
1.642738342285156,43.3068733215332,84.03275299072266,-0.25,0.25,0.800000011920929,240,22733.5,0
1.580238342285156,43.3693733215332,84.23274993896484,0,0,1.200000047683716,239,22733.75,0
1.580238342285156,43.3693733215332,84.53275299072266,0.25,0.25,1.600000023841858,238,22734,0
1.642738342285156,43.4318733215332,84.93275451660156,0.5,0,2,237,22734.25,0
1.767738342285156,43.4318733215332,85.43275451660156,0.75,0.25,1.600000023841858,236,22734.5,0
1.955238342285156,43.4943733215332,85.83275604248047,0.5,0.5,1.200000047683716,235,22734.75,0
2.080238342285156,43.6193733215332,86.13275909423828,0.25,0.25,1.600000023841858,234,22735,0
2.142738342285156,43.6818733215332,86.53276062011719,0,0,1.200000047683716,233,22735.25,0
2.142738342285156,43.6818733215332,86.832763671875,0.25,0.25,0.8000000715255737,232,22735.5,0
2.205238342285156,43.7443733215332,87.03276062011719,0,0,0.4000000655651093,231,22735.75,0
2.205238342285156,43.7443733215332,87.13275909423828,0,0,5.960464477539062e-08,230,22736,0
2.205238342285156,43.7443733215332,87.13275909423828,-0.25,0.25,0.4000000655651093,229,22736.25,0
2.142738342285156,43.8068733215332,87.23275756835938,0,0,5.960464477539062e-08,228,22736.5,0
2.142738342285156,43.8068733215332,87.23275756835938,0.25,0.25,-0.3999999463558197,227,22736.75,0
2.205238342285156,43.8693733215332,87.13275909423828,0.5,0,-0.7999999523162842,226,22737,0
2.330238342285156,43.8693733215332,86.93276214599609,0.25,0.25,-1.199999928474426,225,22737.25,0
2.392738342285156,43.9318733215332,86.63275909423828,0,0.5,-1.599999904632568,224,22737.5,0
2.392738342285156,44.0568733215332,86.23275756835938,0,0.25,-1.199999928474426,223,22737.75,0
2.392738342285156,44.1193733215332,85.93275451660156,0.25,0,-1.599999904632568,222,22738,0
2.455238342285156,44.1193733215332,85.53275299072266,0,0,-1.99999988079071,221,22738.25,0
2.455238342285156,44.1193733215332,85.03275299072266,0,0,-2.399999856948853,220,22738.5,0
2.455238342285156,44.1193733215332,84.43275451660156,0,0,-1.99999988079071,219,22738.75,0
2.455238342285156,44.1193733215332,83.93275451660156,0,0,-2.399999856948853,218,22739,0
2.455238342285156,44.1193733215332,83.33275604248047,0.25,0,-2.799999952316284,217,22739.25,0
2.517738342285156,44.1193733215332,82.63275909423828,0.5,0,-2.399999856948853,216,22739.5,0
2.642738342285156,44.1193733215332,82.03276062011719,0.25,0.25,-2.799999952316284,215,22739.75,0
2.705238342285156,44.1818733215332,81.332763671875,0.5,0,-2.399999856948853,214,22740,0
2.830238342285156,44.1818733215332,80.73276519775391,0.25,0,-2.799999952316284,213,22740.25,0
2.892738342285156,44.1818733215332,80.03276824951172,0.5,0,-2.399999856948853,212,22740.5,0
3.017738342285156,44.1818733215332,79.43276977539062,0.75,0.25,-1.99999988079071,211,22740.75,0
3.205238342285156,44.2443733215332,78.93276977539062,0.9672397971153259,0.5,-1.599999904632568,210,22741,0
3.447048187255859,44.3693733215332,78.53276824951172,0.7172397971153259,0.25,-1.99999988079071,209,22741.25,0
3.626358032226562,44.4318733215332,78.03276824951172,0.4672397971153259,0,-2.399999856948853,208,22741.5,0
3.743167877197266,44.4318733215332,77.43276977539062,0.7172397971153259,-0.25,-2.799999952316284,207,22741.75,0
3.922477722167969,44.3693733215332,76.73277282714844,0.9672397971153259,0,-3.200000047683716,206,22742,0
4.164287567138672,44.3693733215332,75.93276977539062,0.7172397971153259,0,-3,205,22742.25,0
4.343597412109375,44.3693733215332,75.18276977539062,0.9672397971153259,0.25,-2.599999904632568,204,22742.5,0
4.585407257080078,44.4318733215332,74.53276824951172,0.7172397971153259,0,-3,203,22742.75,0
4.764717102050781,44.4318733215332,73.78276824951172,0.4672397971153259,-0.25,-3,202,22743,0
4.881526947021484,44.3693733215332,73.03276824951172,0.7172397971153259,0,-2.599999904632568,201,22743.25,0
5.060836791992188,44.3693733215332,72.38276672363281,0.9672397971153259,0,-2.199999809265137,200,22743.5,0
5.302646636962891,44.3693733215332,71.832763671875,0.7172397971153259,-0.25,-1.799999833106995,199,22743.75,0
5.481956481933594,44.3068733215332,71.38276672363281,0.9672397971153259,-0.5,-1.399999856948853,198,22744,0
5.723766326904297,44.1818733215332,71.03276824951172,0.7172397971153259,-0.25,-0.9999998807907104,197,22744.25,0
5.903076171875,44.1193733215332,70.78276824951172,0.9672397971153259,0,-1.399999856948853,196,22744.5,0
6.144886016845703,44.1193733215332,70.43276977539062,1.217239856719971,0,-1.799999833106995,195,22744.75,0
6.449195861816406,44.1193733215332,69.98277282714844,0.9672398567199707,-0.25,-2.199999809265137,194,22745,0
6.691005706787109,44.0568733215332,69.43276977539062,0.7172398567199707,0,-2.599999904632568,193,22745.25,0
6.870315551757812,44.0568733215332,68.78276824951172,0.4672398567199707,0,-3,192,22745.5,0
6.987125396728516,44.0568733215332,68.03276824951172,0.2172398567199707,-0.25,-2.599999904632568,191,22745.75,0
7.041435241699219,43.9943733215332,67.38276672363281,0,0,-3,190,22746,0
7.041435241699219,43.9943733215332,66.63276672363281,0,0,-2.599999904632568,189,22746.25,0
7.041435241699219,43.9943733215332,65.98276519775391,-0.25,0.25,-2.199999809265137,188,22746.5,0
6.978935241699219,44.0568733215332,65.43276214599609,-0.2525961995124817,0.5,-1.799999833106995,187,22746.75,0
6.915786266326904,44.1818733215332,64.98276519775391,-0.002596199512481689,0.25,-2.199999809265137,186,22747,0
6.91513729095459,44.2443733215332,64.43276214599609,0,0,-2.599999904632568,185,22747.25,0
6.91513729095459,44.2443733215332,63.78276062011719,0.25,-0.25,-2.199999809265137,184,22747.5,0
6.97763729095459,44.1818733215332,63.23276138305664,0,0,-2.599999904632568,183,22747.75,0
6.97763729095459,44.1818733215332,62.58275985717773,-0.25,0.25,-2.199999809265137,182,22748,0
6.91513729095459,44.2443733215332,62.03276062011719,0,0,-2.599999904632568,181,22748.25,0
6.91513729095459,44.2443733215332,61.38275909423828,0.25,0.25,-2.199999809265137,180,22748.5,0
6.97763729095459,44.3068733215332,60.83275985717773,0,0,-2.599999904632568,179,22748.75,0
6.97763729095459,44.3068733215332,60.18275833129883,0.25,0,-2.199999809265137,178,22749,0
7.04013729095459,44.3068733215332,59.63275909423828,0,-0.25,-2.599999904632568,177,22749.25,0
7.04013729095459,44.2443733215332,58.98275756835938,-0.25,0,-3,176,22749.5,0
6.97763729095459,44.2443733215332,58.23275756835938,0,0,-2.599999904632568,175,22749.75,0
6.97763729095459,44.2443733215332,57.58275604248047,0.25,0.25,-3,174,22750,0
7.04013729095459,44.3068733215332,56.83275604248047,0.5,0,-3,173,22750.25,0
7.16513729095459,44.3068733215332,56.08275604248047,0.25,0,-2.599999904632568,172,22750.5,0
7.22763729095459,44.3068733215332,55.43275451660156,0,0,-3,171,22750.75,0
7.22763729095459,44.3068733215332,54.68275451660156,0,0,-2.599999904632568,170,22751,0
7.22763729095459,44.3068733215332,54.03275299072266,0,0,-3,169,22751.25,0
7.22763729095459,44.3068733215332,53.28275299072266,0.25,0.25,-2.599999904632568,168,22751.5,0
7.29013729095459,44.3693733215332,52.63275146484375,0,0.5,-3,167,22751.75,0
7.29013729095459,44.4943733215332,51.88275146484375,0,0.25,-3.400000095367432,166,22752,0
7.29013729095459,44.5568733215332,51.03275299072266,0,0,-3,165,22752.25,0
7.29013729095459,44.5568733215332,50.28275299072266,0.25,-0.25,-2.599999904632568,164,22752.5,0
7.35263729095459,44.4943733215332,49.63275146484375,0.5,0,-3,163,22752.75,0
7.47763729095459,44.4943733215332,48.88275146484375,0.25,0,-2.599999904632568,162,22753,0
7.54013729095459,44.4943733215332,48.23274993896484,0,0,-3,161,22753.25,0
7.54013729095459,44.4943733215332,47.48274993896484,0.25,0.25,-3.400000095367432,160,22753.5,0
7.60263729095459,44.5568733215332,46.63275146484375,0.5,0.5,-3,159,22753.75,0
7.72763729095459,44.6818733215332,45.88275146484375,0.7291366457939148,0.25,-3.400000095367432,158,22754,0
7.909921646118164,44.7443733215332,45.03275299072266,0.4791366457939148,0,-3.800000190734863,157,22754.25,0
8.029706001281738,44.7443733215332,44.0827522277832,0.2291366457939148,0.25,-3.400000095367432,156,22754.5,0
8.086990356445312,44.8068733215332,43.23275375366211,-0.02086335420608521,0,-3,155,22754.75,0
8.081774711608887,44.8068733215332,42.48275375366211,-0.2708633542060852,-0.25,-2.599999904632568,154,22755,0
8.014059066772461,44.7443733215332,41.8327522277832,-0.02086335420608521,0,-3,153,22755.25,0
8.008843421936035,44.7443733215332,41.0827522277832,-0.2708633542060852,-0.25,-3,152,22755.5,0
7.941127777099609,44.6818733215332,40.3327522277832,-0.02086335420608521,0,-3,151,22755.75,0
7.935912132263184,44.6818733215332,39.5827522277832,0.2291366457939148,-0.25,-3,150,22756,0
7.993196487426758,44.6193733215332,38.8327522277832,0.4791366457939148,0,-3,149,22756.25,0
8.112980842590332,44.6193733215332,38.0827522277832,0.2291366457939148,-0.25,-3,148,22756.5,0
8.170265197753906,44.5568733215332,37.3327522277832,-0.02086335420608521,0,-3,147,22756.75,0
8.16504955291748,44.5568733215332,36.5827522277832,0.2291366457939148,-0.25,-2.599999904632568,146,22757,0
8.222333908081055,44.4943733215332,35.9327507019043,0,0,-3,145,22757.25,0
8.222333908081055,44.4943733215332,35.1827507019043,0.25,-0.25,-3.400000095367432,144,22757.5,0
8.284833908081055,44.4318733215332,34.3327522277832,0,-0.5,-3.800000190734863,143,22757.75,0
8.284833908081055,44.3068733215332,33.38275146484375,-0.25,-0.25,-4.200000286102295,142,22758,0
8.222333908081055,44.2443733215332,32.3327522277832,0,0,-4.600000381469727,141,22758.25,0
8.222333908081055,44.2443733215332,31.18275260925293,0,0,-4.200000286102295,140,22758.5,0
8.222333908081055,44.2443733215332,30.13275337219238,0.25,-0.25,-3.800000190734863,139,22758.75,0
8.284833908081055,44.1818733215332,29.18275260925293,0,0,-3.400000095367432,138,22759,0
8.284833908081055,44.1818733215332,28.3327522277832,-0.25,0.25,-3,137,22759.25,0
8.222333908081055,44.2443733215332,27.5827522277832,-0.5,0.5,-2.599999904632568,136,22759.5,0
8.097333908081055,44.3693733215332,26.93275260925293,-0.25,0.25,-2.199999809265137,135,22759.75,0
8.034833908081055,44.4318733215332,26.38275337219238,0,0,-1.799999833106995,134,22760,0
8.034833908081055,44.4318733215332,25.93275260925293,0,0,-2.199999809265137,133,22760.25,0
8.034833908081055,44.4318733215332,25.38275337219238,0,0,-1.799999833106995,132,22760.5,0
8.034833908081055,44.4318733215332,24.93275260925293,0.25,0.25,-1.399999856948853,131,22760.75,0
8.097333908081055,44.4943733215332,24.5827522277832,0.5,0,-1.799999833106995,130,22761,0
8.222333908081055,44.4943733215332,24.13275146484375,0.25,0,-2.199999809265137,129,22761.25,0
8.284833908081055,44.4943733215332,23.5827522277832,0,-0.25,-2.599999904632568,128,22761.5,0
8.284833908081055,44.4318733215332,22.93275260925293,0,0,-2.199999809265137,127,22761.75,0
8.284833908081055,44.4318733215332,22.38275337219238,0,0,-1.799999833106995,126,22762,0
8.284833908081055,44.4318733215332,21.93275260925293,0.25,0,-2.199999809265137,125,22762.25,0
8.347333908081055,44.4318733215332,21.38275337219238,0.5,-0.25,-2.599999904632568,124,22762.5,0
8.472333908081055,44.3693733215332,20.73275375366211,0.25,0,-3,123,22762.75,0
8.534833908081055,44.3693733215332,19.98275375366211,0.5,-0.25,-3,122,22763,0
8.659833908081055,44.3068733215332,19.23275375366211,0.25,0,-3.400000095367432,121,22763.25,0
8.722333908081055,44.3068733215332,18.38275337219238,0.5,0,-3,120,22763.5,0
8.847333908081055,44.3068733215332,17.63275337219238,0.25,-0.25,-2.599999904632568,119,22763.75,0
8.909833908081055,44.2443733215332,16.98275375366211,0,0,-3,118,22764,0
8.909833908081055,44.2443733215332,16.23275375366211,0,0,-2.599999904632568,117,22764.25,0
8.909833908081055,44.2443733215332,15.58275413513184,-0.25,0.25,-2.199999809265137,116,22764.5,0
8.847333908081055,44.3068733215332,15.03275394439697,0,0,-2.599999904632568,115,22764.75,0
8.847333908081055,44.3068733215332,14.3827543258667,-0.25,-0.25,-3,114,22765,0
8.784833908081055,44.2443733215332,13.6327543258667,0,0,-3.400000095367432,113,22765.25,0
8.784833908081055,44.2443733215332,12.78275394439697,0.25,0,-3,112,22765.5,0
8.847333908081055,44.2443733215332,12.03275394439697,0.5,-0.25,-2.599999904632568,111,22765.75,0
8.972333908081055,44.1818733215332,11.3827543258667,0.25,-0.5,-2.199999809265137,110,22766,0
9.034833908081055,44.0568733215332,10.83275413513184,0.5,-0.25,-1.799999833106995,109,22766.25,0
9.159833908081055,43.9943733215332,10.3827543258667,0.25,0,-2.199999809265137,108,22766.5,0
9.222333908081055,43.9943733215332,9.832754135131836,0,0.25,-2.599999904632568,107,22766.75,0
9.222333908081055,44.0568733215332,9.182754516601562,0.25,0,-3,106,22767,0
9.284833908081055,44.0568733215332,8.432754516601562,0.5,0.25,-3,105,22767.25,0
9.409833908081055,44.1193733215332,7.682754516601562,0.75,0.5,-3.400000095367432,104,22767.5,0
9.597333908081055,44.2443733215332,6.832754611968994,0.5,0.25,-3,103,22767.75,0
9.722333908081055,44.3068733215332,6.082754611968994,0.25,0,-2.599999904632568,102,22768,0
9.784833908081055,44.3068733215332,5.432754516601562,0.5,0.25,-3,101,22768.25,0
9.909833908081055,44.3693733215332,4.682754516601562,0.25,0,-3,100,22768.5,0
9.972333908081055,44.3693733215332,3.932754516601562,0.5,-0.25,-3.400000095367432,99,22768.75,0
10.09733390808105,44.3068733215332,3.082754611968994,0.75,0,-3.800000190734863,98,22769,0
10.28483390808105,44.3068733215332,2.132754564285278,1,-0.25,-3.400000095367432,97,22769.25,0
10.53483390808105,44.2443733215332,1.28275454044342,0.75,0,-3.800000190734863,96,22769.5,0
10.72233390808105,44.2443733215332,0.3327544927597046,0.5,0,-3.400000095367432,95,22769.75,0
10.84733390808105,44.2443733215332,-0.5172455310821533,0.25,0,-3.800000190734863,94,22770,2
-14.2538013458252,-76.30825042724609,99.83960723876953,0,0,0,244,22770.25,0
-14.2538013458252,-76.30825042724609,99.83960723876953,0.25,0,-0.4000000059604645,243,22770.5,0
-14.1913013458252,-76.30825042724609,99.73960876464844,0.5,0,-0.800000011920929,242,22770.75,0
-14.0663013458252,-76.30825042724609,99.53961181640625,0.25,0,-0.4000000059604645,241,22771,0
-14.0038013458252,-76.30825042724609,99.43961334228516,0,0.25,0,240,22771.25,0
-14.0038013458252,-76.24575042724609,99.43961334228516,0,0,-0.4000000059604645,239,22771.5,0
-14.0038013458252,-76.24575042724609,99.33961486816406,-0.25,0.25,-0.800000011920929,238,22771.75,0
-14.0663013458252,-76.18325042724609,99.13961791992188,0,0,-0.4000000059604645,237,22772,0
-14.0663013458252,-76.18325042724609,99.03961944580078,0,0,-0.800000011920929,236,22772.25,0
-14.0663013458252,-76.18325042724609,98.83962249755859,-0.25,0.25,-1.200000047683716,235,22772.5,0
-14.1288013458252,-76.12075042724609,98.53961944580078,0,0,-1.600000023841858,234,22772.75,0
-14.1288013458252,-76.12075042724609,98.13961791992188,0,0,-2,233,22773,0
-14.1288013458252,-76.12075042724609,97.63961791992188,0.25,-0.25,-1.600000023841858,232,22773.25,0
-14.0663013458252,-76.18325042724609,97.23961639404297,0.5,0,-2,231,22773.5,0
-13.9413013458252,-76.18325042724609,96.73961639404297,0.75,0,-2.400000095367432,230,22773.75,0
-13.7538013458252,-76.18325042724609,96.13961791992188,1,-0.25,-2,229,22774,0
-13.5038013458252,-76.24575042724609,95.63961791992188,0.75,0,-2.400000095367432,228,22774.25,0
-13.3163013458252,-76.24575042724609,95.03961944580078,0.5,0,-2.800000190734863,227,22774.5,0
-13.1913013458252,-76.24575042724609,94.33962249755859,0.75,0,-3.200000286102295,226,22774.75,0
-13.0038013458252,-76.24575042724609,93.53961944580078,0.5,0,-2.800000190734863,225,22775,0
-12.8788013458252,-76.24575042724609,92.83962249755859,0.75,0,-2.400000095367432,224,22775.25,0
-12.6913013458252,-76.24575042724609,92.2396240234375,1,-0.25,-2.800000190734863,223,22775.5,0
-12.4413013458252,-76.30825042724609,91.53962707519531,0.75,0,-3,222,22775.75,0
-12.2538013458252,-76.30825042724609,90.78962707519531,1,0.25,-3.400000095367432,221,22776,0
-12.0038013458252,-76.24575042724609,89.93962860107422,0.9672397971153259,0.5,-3,220,22776.25,0
-11.76199150085449,-76.12075042724609,89.18962860107422,0.9672397971153259,0.75,-3.400000095367432,219,22776.5,0
-11.52018165588379,-75.93325042724609,88.33963012695312,0.7172397971153259,0.5,-3,218,22776.75,0
-11.34087181091309,-75.80825042724609,87.58963012695312,0.4672397971153259,0.25,-3.400000095367432,217,22777,0
-11.22406196594238,-75.74575042724609,86.73963165283203,0.7172397971153259,0,-3.800000190734863,216,22777.25,0
-11.04475212097168,-75.74575042724609,85.78963470458984,0.4672397971153259,0,-3.400000095367432,215,22777.5,0
-10.92794227600098,-75.74575042724609,84.93963623046875,0.7172397971153259,-0.25,-3,214,22777.75,0
-10.74863243103027,-75.80825042724609,84.18963623046875,0.4672397971153259,0,-2.599999904632568,213,22778,0
-10.63182258605957,-75.80825042724609,83.53963470458984,0.2172397971153259,-0.25,-3,212,22778.25,0
-10.57751274108887,-75.87075042724609,82.78963470458984,0,0,-3.400000095367432,211,22778.5,0
-10.57751274108887,-75.87075042724609,81.93963623046875,0.25,0,-3,210,22778.75,0
-10.51501274108887,-75.87075042724609,81.18963623046875,0.5,0.25,-3.400000095367432,209,22779,0
-10.39001274108887,-75.80825042724609,80.33963775634766,0.25,0,-3.800000190734863,208,22779.25,0
-10.32751274108887,-75.80825042724609,79.38964080810547,0.5,-0.25,-3.400000095367432,207,22779.5,0
-10.20251274108887,-75.87075042724609,78.53964233398438,0.25,0,-3.800000190734863,206,22779.75,0
-10.14001274108887,-75.87075042724609,77.58964538574219,0,0,-3.400000095367432,205,22780,0
-10.14001274108887,-75.87075042724609,76.73964691162109,0,0,-3,204,22780.25,0
-10.14001274108887,-75.87075042724609,75.98964691162109,0.25,0,-2.599999904632568,203,22780.5,0
-10.07751274108887,-75.87075042724609,75.33964538574219,0.5,0,-3,202,22780.75,0
-9.952512741088867,-75.87075042724609,74.58964538574219,0.75,0.25,-2.599999904632568,201,22781,0
-9.765012741088867,-75.80825042724609,73.93964385986328,0.5,0,-3,200,22781.25,0
-9.640012741088867,-75.80825042724609,73.18964385986328,0.25,0,-3,199,22781.5,0
-9.577512741088867,-75.80825042724609,72.43964385986328,0,0,-2.599999904632568,198,22781.75,0
-9.577512741088867,-75.80825042724609,71.78964233398438,0.25,0,-2.199999809265137,197,22782,0
-9.515012741088867,-75.80825042724609,71.23963928222656,0,0,-1.799999833106995,196,22782.25,0
-9.515012741088867,-75.80825042724609,70.78964233398438,0,0,-2.199999809265137,195,22782.5,0
-9.515012741088867,-75.80825042724609,70.23963928222656,0.25,-0.25,-1.799999833106995,194,22782.75,0
-9.452512741088867,-75.87075042724609,69.78964233398438,0.5,0,-2.199999809265137,193,22783,0
-9.327512741088867,-75.87075042724609,69.23963928222656,0.75,-0.25,-2.599999904632568,192,22783.25,0
-9.140012741088867,-75.93325042724609,68.58963775634766,0.5,0,-3,191,22783.5,0
-9.015012741088867,-75.93325042724609,67.83963775634766,0.25,0.25,-2.599999904632568,190,22783.75,0
-8.952512741088867,-75.87075042724609,67.18963623046875,0,0,-3,189,22784,0
-8.952512741088867,-75.87075042724609,66.43963623046875,0.25,-0.25,-3,188,22784.25,0
-8.890012741088867,-75.93325042724609,65.68963623046875,0,-0.5,-2.599999904632568,187,22784.5,0
-8.890012741088867,-76.05825042724609,65.03963470458984,0.25,-0.25,-2.199999809265137,186,22784.75,0
-8.827512741088867,-76.12075042724609,64.48963165283203,0,0,-2.599999904632568,185,22785,0
-8.827512741088867,-76.12075042724609,63.83963012695312,0.25,0,-3,184,22785.25,0
-8.765012741088867,-76.12075042724609,63.08963012695312,0,0.25,-3.400000095367432,183,22785.5,0
-8.765012741088867,-76.05825042724609,62.23963165283203,0.25,0,-3,182,22785.75,0
-8.702512741088867,-76.05825042724609,61.48963165283203,0.5,-0.25,-3,181,22786,0
-8.577512741088867,-76.12075042724609,60.73963165283203,0.25,0,-3.400000095367432,180,22786.25,0
-8.515012741088867,-76.12075042724609,59.88963317871094,0,-0.25,-3.800000190734863,179,22786.5,0
-8.515012741088867,-76.18325042724609,58.93963241577148,0,0,-4.200000286102295,178,22786.75,0
-8.515012741088867,-76.18325042724609,57.88963317871094,0,0,-4.600000381469727,177,22787,0
-8.515012741088867,-76.18325042724609,56.73963165283203,-0.25,-0.25,-4.200000286102295,176,22787.25,0
-8.577512741088867,-76.24575042724609,55.68963241577148,0,0,-4.600000381469727,175,22787.5,0
-8.577512741088867,-76.24575042724609,54.53963088989258,0.25,-0.25,-4.200000286102295,174,22787.75,0
-8.515012741088867,-76.30825042724609,53.48963165283203,0.5,0,-4.600000381469727,173,22788,0
-8.390012741088867,-76.30825042724609,52.33963012695312,0.75,0.25,-5.000000476837158,172,22788.25,0
-8.202512741088867,-76.24575042724609,51.08963012695312,0.5,0,-4.600000381469727,171,22788.5,0
-8.077512741088867,-76.24575042724609,49.93962860107422,0.25,0.25,-4.200000286102295,170,22788.75,0
-8.015012741088867,-76.18325042724609,48.88962936401367,0.5,0,-4.600000381469727,169,22789,0
-7.890012741088867,-76.18325042724609,47.73962783813477,0.7291366457939148,-0.25,-4.200000286102295,168,22789.25,0
-7.707728385925293,-76.24575042724609,46.68962860107422,0.9791366457939148,0,-3.800000190734863,167,22789.5,0
-7.462944030761719,-76.24575042724609,45.73962783813477,1.22913670539856,0,-3.400000095367432,166,22789.75,0
-7.155659675598145,-76.24575042724609,44.88962936401367,0.9791367053985596,0.25,-3,165,22790,0
-6.91087532043457,-76.18325042724609,44.13962936401367,0.7291367053985596,0,-2.599999904632568,164,22790.25,0
-6.728590965270996,-76.18325042724609,43.48962783813477,0.9791367053985596,0,-3,163,22790.5,0
-6.483806610107422,-76.18325042724609,42.73962783813477,1.22913670539856,0,-3.400000095367432,162,22790.75,0
-6.176522254943848,-76.18325042724609,41.88962936401367,0.9791367053985596,0.25,-3,161,22791,0
-5.931737899780273,-76.12075042724609,41.13962936401367,0.7291367053985596,0,-3.400000095367432,160,22791.25,0
-5.749453544616699,-76.12075042724609,40.28963088989258,0.9791367053985596,-0.25,-3,159,22791.5,0
-5.504669189453125,-76.18325042724609,39.53963088989258,1.22913670539856,-0.5,-3,158,22791.75,0
-5.197384834289551,-76.30825042724609,38.78963088989258,1.45827329158783,-0.75,-3,157,22792,0
-4.832816600799561,-76.49575042724609,38.03963088989258,1.20827329158783,-0.5,-3.400000095367432,156,22792.25,0
-4.53074836730957,-76.62075042724609,37.18963241577148,0.9582732915878296,-0.25,-3,155,22792.5,0
-4.29118013381958,-76.68325042724609,36.43963241577148,0.7082732915878296,-0.5,-3,154,22792.75,0
-4.11411190032959,-76.80825042724609,35.68963241577148,0.4582732915878296,-0.25,-3,153,22793,0
-3.9995436668396,-76.87075042724609,34.93963241577148,0.7082732915878296,0,-3.400000095367432,152,22793.25,0
-3.822475433349609,-76.87075042724609,34.08963394165039,0.4582732915878296,0,-3,151,22793.5,0
-3.707907199859619,-76.87075042724609,33.33963394165039,0.2082732915878296,-0.25,-2.599999904632568,150,22793.75,0
-3.655838966369629,-76.93325042724609,32.68963241577148,0,0,-2.199999809265137,149,22794,0
-3.655838966369629,-76.93325042724609,32.13963317871094,0.25,-0.25,-1.799999833106995,148,22794.25,0
-3.593338966369629,-76.99575042724609,31.68963241577148,0,0,-1.399999856948853,147,22794.5,0
-3.593338966369629,-76.99575042724609,31.33963203430176,0.25,0.25,-0.9999998807907104,146,22794.75,0
-3.530838966369629,-76.93325042724609,31.08963203430176,0,0.5,-1.399999856948853,145,22795,0
-3.530838966369629,-76.80825042724609,30.73963165283203,-0.25,0.75,-0.9999998807907104,144,22795.25,0
-3.593338966369629,-76.62075042724609,30.48963165283203,0,1,-1.399999856948853,143,22795.5,0
-3.593338966369629,-76.37075042724609,30.1396312713623,0,0.75,-1.799999833106995,142,22795.75,0
-3.593338966369629,-76.18325042724609,29.68963050842285,0.25,1,-2.199999809265137,141,22796,0
-3.530838966369629,-75.93325042724609,29.1396312713623,0.5,1.146493434906006,-2.599999904632568,140,22796.25,0
-3.405838966369629,-75.64662933349609,28.48963165283203,0.25,0.8964934349060059,-3,139,22796.5,0
-3.343338966369629,-75.42250823974609,27.73963165283203,0.5,0.6464934349060059,-3.400000095367432,138,22796.75,0
-3.218338966369629,-75.26088714599609,26.8896312713623,0.75,0.3964934349060059,-3,137,22797,0
-3.030838966369629,-75.16176605224609,26.1396312713623,1,0.1464934349060059,-3,136,22797.25,0
-2.780838966369629,-75.12514495849609,25.3896312713623,1.25,0.3964934349060059,-3,135,22797.5,0
-2.468338966369629,-75.02602386474609,24.6396312713623,1,0.6464934349060059,-3.400000095367432,134,22797.75,0
-2.218338966369629,-74.86440277099609,23.78963088989258,1.25,0.3964934349060059,-3,133,22798,0
-1.905838966369629,-74.76528167724609,23.03963088989258,1,0.6464934349060059,-3,132,22798.25,0
-1.655838966369629,-74.60366058349609,22.28963088989258,0.75,0.3964934349060059,-2.599999904632568,131,22798.5,0
-1.468338966369629,-74.50453948974609,21.6396312713623,0.5,0.1464934349060059,-3,130,22798.75,0
-1.343338966369629,-74.46791839599609,20.8896312713623,0.25,-0.1035065650939941,-3,129,22799,0
-1.280838966369629,-74.49379730224609,20.1396312713623,0,-0.3535065650939941,-3,128,22799.25,0
-1.280838966369629,-74.58217620849609,19.3896312713623,-0.25,-0.6035065650939941,-3,127,22799.5,0
-1.343338966369629,-74.73305511474609,18.6396312713623,0,-0.3535065650939941,-2.599999904632568,126,22799.75,0
-1.343338966369629,-74.82143402099609,17.98963165283203,0,-0.1035065650939941,-2.199999809265137,125,22800,0
-1.343338966369629,-74.84731292724609,17.43963241577148,-0.25,0.1464934349060059,-2.599999904632568,124,22800.25,0
-1.405838966369629,-74.81069183349609,16.78963279724121,0,-0.1035065650939941,-3,123,22800.5,0
-1.405838966369629,-74.83657073974609,16.03963279724121,0.25,0,-2.599999904632568,122,22800.75,0
-1.343338966369629,-74.83657073974609,15.38963317871094,0.5,0,-3,121,22801,0
-1.218338966369629,-74.83657073974609,14.63963317871094,0.75,0,-3,120,22801.25,0
-1.030838966369629,-74.83657073974609,13.88963317871094,0.5,0,-2.599999904632568,119,22801.5,0
-0.9058389663696289,-74.83657073974609,13.23963356018066,0.75,-0.25,-2.199999809265137,118,22801.75,0
-0.7183389663696289,-74.89907073974609,12.6896333694458,0.5,0,-2.599999904632568,117,22802,0
-0.5933389663696289,-74.89907073974609,12.03963375091553,0.25,0,-3,116,22802.25,0
-0.5308389663696289,-74.89907073974609,11.28963375091553,0.5,-0.25,-3,115,22802.5,0
-0.4058389663696289,-74.96157073974609,10.53963375091553,0.25,0,-3.400000095367432,114,22802.75,0
-0.3433389663696289,-74.96157073974609,9.689633369445801,0,0,-3.800000190734863,113,22803,0
-0.3433389663696289,-74.96157073974609,8.739633560180664,0.25,0,-4.200000286102295,112,22803.25,0
-0.2808389663696289,-74.96157073974609,7.689633369445801,0,0,-4.600000381469727,111,22803.5,0
-0.2808389663696289,-74.96157073974609,6.539633274078369,0.25,0,-5.000000476837158,110,22803.75,0
-0.2183389663696289,-74.96157073974609,5.289633274078369,0.5,0,-5.40000057220459,109,22804,0
-0.09333896636962891,-74.96157073974609,3.939633131027222,0.25,0,-5.800000667572021,108,22804.25,0
-0.03083896636962891,-74.96157073974609,2.489633083343506,0,0,-5.40000057220459,107,22804.5,0
-0.03083896636962891,-74.96157073974609,1.139632940292358,0.25,-0.25,-5.000000476837158,106,22804.75,0
0.03166103363037109,-75.02407073974609,-0.1103671789169312,0,0,-4.600000381469727,105,22805,4
-8.574623107910156,7.441496849060059,92.64616394042969,0,0,0,244,22805.25,0
-8.574623107910156,7.441496849060059,92.64616394042969,0.25,-0.25,0.4000000059604645,243,22805.5,0
-8.512123107910156,7.378996849060059,92.74616241455078,0.5,-0.5,0.800000011920929,242,22805.75,0
-8.387123107910156,7.253996849060059,92.94615936279297,0.75,-0.25,0.4000000059604645,241,22806,0
-8.199623107910156,7.191496849060059,93.04615783691406,0.5,0,0,240,22806.25,0
-8.074623107910156,7.191496849060059,93.04615783691406,0.25,-0.25,-0.4000000059604645,239,22806.5,0
-8.012123107910156,7.128996849060059,92.94615936279297,0,-0.4979777932167053,0,238,22806.75,0
-8.012123107910156,7.004502296447754,92.94615936279297,0.25,-0.2479777932167053,0.4000000059604645,237,22807,0
-7.949623107910156,6.942507743835449,93.04615783691406,0.5,-0.4979777932167053,0.800000011920929,236,22807.25,0
-7.824623107910156,6.818013191223145,93.24615478515625,0.25,-0.2479777932167053,0.4000000059604645,235,22807.5,0
-7.762123107910156,6.75601863861084,93.34615325927734,0,-0.4979777932167053,0,234,22807.75,0
-7.762123107910156,6.631524085998535,93.34615325927734,-0.25,-0.4979777932167053,-0.4000000059604645,233,22808,0
-7.824623107910156,6.50702953338623,93.24615478515625,0,-0.2479777932167053,-0.800000011920929,232,22808.25,0
-7.824623107910156,6.445034980773926,93.04615783691406,0,0,-0.4000000059604645,231,22808.5,0
-7.824623107910156,6.445034980773926,92.94615936279297,0,0,-0.800000011920929,230,22808.75,0
-7.824623107910156,6.445034980773926,92.74616241455078,0,0,-0.4000000059604645,229,22809,0
-7.824623107910156,6.445034980773926,92.64616394042969,0.25,0,0,228,22809.25,0
-7.762123107910156,6.445034980773926,92.64616394042969,0,0.25,-0.4000000059604645,227,22809.5,0
-7.762123107910156,6.507534980773926,92.54616546630859,0.25,0,0,226,22809.75,0
-7.699623107910156,6.507534980773926,92.54616546630859,0.5,-0.25,-0.4000000059604645,225,22810,0
-7.574623107910156,6.445034980773926,92.4461669921875,0.75,0,-0.800000011920929,224,22810.25,0
-7.387123107910156,6.445034980773926,92.24617004394531,0.5,0,-1.200000047683716,223,22810.5,0
-7.262123107910156,6.445034980773926,91.9461669921875,0.75,-0.25,-0.8000000715255737,222,22810.75,0
-7.074623107910156,6.382534980773926,91.74617004394531,0.5,0,-1.200000047683716,221,22811,0
-6.949623107910156,6.382534980773926,91.4461669921875,0.75,0.25,-1.600000023841858,220,22811.25,0
-6.762123107910156,6.445034980773926,91.04616546630859,1,0.5,-2,219,22811.5,0
-6.512123107910156,6.570034980773926,90.54616546630859,0.75,0.25,-1.600000023841858,218,22811.75,0
-6.324623107910156,6.632534980773926,90.14616394042969,1,0,-2,217,22812,0
-6.074623107910156,6.632534980773926,89.64616394042969,0.75,-0.25,-2.400000095367432,216,22812.25,0
-5.887123107910156,6.570034980773926,89.04616546630859,0.5,0,-2,215,22812.5,0
-5.762123107910156,6.570034980773926,88.54616546630859,0.25,0.25,-2.400000095367432,214,22812.75,0
-5.699623107910156,6.632534980773926,87.9461669921875,0.5,0.5,-2.800000190734863,213,22813,0
-5.574623107910156,6.757534980773926,87.24617004394531,0.25,0.25,-3.200000286102295,212,22813.25,0
-5.512123107910156,6.820034980773926,86.4461669921875,0,0.5,-2.800000190734863,211,22813.5,0
-5.512123107910156,6.945034980773926,85.74617004394531,0,0.25,-2.400000095367432,210,22813.75,0
-5.512123107910156,7.007534980773926,85.14617156982422,0,0,-2,209,22814,0
-5.512123107910156,7.007534980773926,84.64617156982422,0.25,-0.25,-2.400000095367432,208,22814.25,0
-5.449623107910156,6.945034980773926,84.04617309570312,0.5,0,-2,207,22814.5,0
-5.324623107910156,6.945034980773926,83.54617309570312,0.25,-0.25,-2.400000095367432,206,22814.75,0
-5.262123107910156,6.882534980773926,82.94617462158203,0.5,0,-2.800000190734863,205,22815,0
-5.137123107910156,6.882534980773926,82.24617767333984,0.25,-0.25,-3,204,22815.25,0
-5.074623107910156,6.820034980773926,81.49617767333984,0.5,0,-3,203,22815.5,0
-4.949623107910156,6.820034980773926,80.74617767333984,0.7291366457939148,-0.25,-3,202,22815.75,0
-4.767338752746582,6.757534980773926,79.99617767333984,0.9672397971153259,0,-3.400000095367432,201,22816,0
-4.525528907775879,6.757534980773926,79.14617919921875,0.7172397971153259,-0.25,-3,200,22816.25,0
-4.346219062805176,6.695034980773926,78.39617919921875,0.4672397971153259,0,-2.599999904632568,199,22816.5,0
-4.229409217834473,6.695034980773926,77.74617767333984,0.2172397971153259,0,-2.199999809265137,198,22816.75,0
-4.17509937286377,6.695034980773926,77.19617462158203,0,0,-2.599999904632568,197,22817,0
-4.17509937286377,6.695034980773926,76.54617309570312,-0.25,-0.25,-3,196,22817.25,0
-4.23759937286377,6.632534980773926,75.79617309570312,0,0,-2.599999904632568,195,22817.5,0
-4.23759937286377,6.632534980773926,75.14617156982422,0.25,0.25,-3,194,22817.75,0
-4.17509937286377,6.695034980773926,74.39617156982422,0,0.5,-3.400000095367432,193,22818,0
-4.17509937286377,6.820034980773926,73.54617309570312,0.25,0.25,-3,192,22818.25,0
-4.11259937286377,6.882534980773926,72.79617309570312,0,0,-3.400000095367432,191,22818.5,0
-4.11259937286377,6.882534980773926,71.94617462158203,-0.25,0.25,-3,190,22818.75,0
-4.17509937286377,6.945034980773926,71.19617462158203,0,0,-3.400000095367432,189,22819,0
-4.17509937286377,6.945034980773926,70.34617614746094,0,0,-3.800000190734863,188,22819.25,0
-4.17509937286377,6.945034980773926,69.39617919921875,0.25,0.25,-4.200000286102295,187,22819.5,0
-4.11259937286377,7.007534980773926,68.34617614746094,0,0,-3.800000190734863,186,22819.75,0
-4.11259937286377,7.007534980773926,67.39617919921875,-0.25,-0.25,-3.400000095367432,185,22820,0
-4.17509937286377,6.945034980773926,66.54618072509766,0,0,-3,184,22820.25,0
-4.17509937286377,6.945034980773926,65.79618072509766,-0.25,0.25,-2.599999904632568,183,22820.5,0
-4.23759937286377,7.007534980773926,65.14617919921875,0,0,-3,182,22820.75,0
-4.23759937286377,7.007534980773926,64.39617919921875,-0.25,-0.25,-3,181,22821,0
-4.30009937286377,6.945034980773926,63.64617919921875,-0.5,0,-2.599999904632568,180,22821.25,0
-4.42509937286377,6.945034980773926,62.99617767333984,-0.25,0,-3,179,22821.5,0
-4.48759937286377,6.945034980773926,62.24617767333984,0,0.25,-3.400000095367432,178,22821.75,0
-4.48759937286377,7.007534980773926,61.39617919921875,-0.25,0,-3.800000190734863,177,22822,0
-4.55009937286377,7.007534980773926,60.4461784362793,-0.5,-0.25,-4.200000286102295,176,22822.25,0
-4.67509937286377,6.945034980773926,59.39617919921875,-0.25,0,-3.800000190734863,175,22822.5,0
-4.73759937286377,6.945034980773926,58.4461784362793,-0.5,0.25,-4.200000286102295,174,22822.75,0
-4.86259937286377,7.007534980773926,57.39617919921875,-0.2525961995124817,0.5,-4.600000381469727,173,22823,0
-4.925748348236084,7.132534980773926,56.24617767333984,-0.002596199512481689,0.75,-5.000000476837158,172,22823.25,0
-4.926397323608398,7.320034980773926,54.99617767333984,0.2474038004875183,0.5,-4.600000381469727,171,22823.5,0
-4.864546298980713,7.445034980773926,53.84617614746094,0.4974038004875183,0.25,-5.000000476837158,170,22823.75,0
-4.740195274353027,7.507534980773926,52.59617614746094,0.7474038004875183,0.5,-4.600000381469727,169,22824,0
-4.553344249725342,7.632534980773926,51.44617462158203,0.4974038004875183,0.25,-4.200000286102295,168,22824.25,0
-4.428993225097656,7.695034980773926,50.39617538452148,0.2474038004875183,0,-3.800000190734863,167,22824.5,0
-4.367142200469971,7.695034980773926,49.44617462158203,-0.002596199512481689,0.25,-3.400000095367432,166,22824.75,0
-4.367791175842285,7.757534980773926,48.59617614746094,0.2474038004875183,0,-3,165,22825,0
-4.3059401512146,7.757534980773926,47.84617614746094,0,0,-2.599999904632568,164,22825.25,0
-4.3059401512146,7.757534980773926,47.19617462158203,-0.25,0.25,-2.199999809265137,163,22825.5,0
-4.3684401512146,7.820034980773926,46.64617538452148,0,0.5,-2.599999904632568,162,22825.75,0
-4.3684401512146,7.945034980773926,45.99617385864258,0.25,0.25,-3,161,22826,0
-4.3059401512146,8.007534980773926,45.24617385864258,0.5,0.5,-2.599999904632568,160,22826.25,0
-4.1809401512146,8.132534980773926,44.59617233276367,0.75,0.25,-3,159,22826.5,0
-3.9934401512146,8.195034980773926,43.84617233276367,1,0,-2.599999904632568,158,22826.75,0
-3.7434401512146,8.195034980773926,43.19617080688477,0.75,0,-3,157,22827,0
-3.5559401512146,8.195034980773926,42.44617080688477,0.5,0,-2.599999904632568,156,22827.25,0
-3.4309401512146,8.195034980773926,41.79616928100586,0.25,0.25,-3,155,22827.5,0
-3.3684401512146,8.257534980773926,41.04616928100586,0.5,0,-3,154,22827.75,0
-3.2434401512146,8.257534980773926,40.29616928100586,0.25,0,-2.599999904632568,153,22828,0
-3.1809401512146,8.257534980773926,39.64616775512695,0,-0.25,-3,152,22828.25,0
-3.1809401512146,8.195034980773926,38.89616775512695,-0.25,-0.5,-2.599999904632568,151,22828.5,0
-3.2434401512146,8.070034980773926,38.24616622924805,0,-0.75,-2.199999809265137,150,22828.75,0
-3.2434401512146,7.882534980773926,37.6961669921875,0,-0.5,-1.799999833106995,149,22829,0
-3.2434401512146,7.757534980773926,37.24616622924805,0.25,-0.25,-2.199999809265137,148,22829.25,0
-3.1809401512146,7.695034980773926,36.6961669921875,0,0,-1.799999833106995,147,22829.5,0
-3.1809401512146,7.695034980773926,36.24616622924805,0,0,-1.399999856948853,146,22829.75,0
-3.1809401512146,7.695034980773926,35.89616775512695,0.25,0.25,-0.9999998807907104,145,22830,0
-3.1184401512146,7.757534980773926,35.64616775512695,0,0,-0.5999999046325684,144,22830.25,0
-3.1184401512146,7.757534980773926,35.49616622924805,0.25,-0.25,-0.9999998807907104,143,22830.5,0
-3.0559401512146,7.695034980773926,35.24616622924805,0.5,-0.5,-0.5999999046325684,142,22830.75,0
-2.9309401512146,7.570034980773926,35.09616470336914,0.7291366457939148,-0.75,-0.9999998807907104,141,22831,0
-2.748656034469604,7.382534980773926,34.84616470336914,0.7291366457939148,-1,-0.5999999046325684,140,22831.25,0
-2.566371917724609,7.132534980773926,34.69616317749023,0.4791366457939148,-1.25,-0.1999998986721039,139,22831.5,0
-2.446587800979614,6.820034980773926,34.64616394042969,0.2291366457939148,-1.402578830718994,-0.5999999046325684,138,22831.75,0
-2.389303684234619,6.469390392303467,34.49616241455078,-0.02086335420608521,-1.402578830718994,-0.9999998807907104,137,22832,0
-2.394519567489624,6.118745803833008,34.24616241455078,-0.2708633542060852,-1.152578830718994,-1.399999856948853,136,22832.25,0
-2.462235450744629,5.830601215362549,33.89616394042969,-0.02086335420608521,-1.310862183570862,-0.9999998807907104,135,22832.5,0
-2.467451333999634,5.502885818481445,33.64616394042969,0,-1.060862183570862,-1.399999856948853,134,22832.75,0
-2.467451333999634,5.237670421600342,33.29616546630859,0.25,-0.8108621835708618,-1.799999833106995,133,22833,0
-2.404951333999634,5.034955024719238,32.84616470336914,0.5,-0.5608621835708618,-2.199999809265137,132,22833.25,0
-2.279951333999634,4.894739627838135,32.29616546630859,0.25,-0.8108621835708618,-1.799999833106995,131,22833.5,0
-2.217451333999634,4.692024230957031,31.84616470336914,0.5,-1.060862183570862,-1.399999856948853,130,22833.75,0
-2.092451333999634,4.426808834075928,31.49616432189941,0.75,-0.8108621835708618,-0.9999998807907104,129,22834,0
-1.904951333999634,4.224093437194824,31.24616432189941,0.9672397971153259,-0.5608621835708618,-1.399999856948853,128,22834.25,0
-1.663141369819641,4.083878040313721,30.89616394042969,0.7172397971153259,-0.3108621835708618,-1.799999833106995,127,22834.5,0
-1.483831405639648,4.006162643432617,30.44616317749023,0.9672397971153259,-0.06086218357086182,-1.399999856948853,126,22834.75,0
-1.242021441459656,3.990947008132935,30.09616279602051,0.7291366457939148,-0.3108621835708618,-1.799999833106995,125,22835,0
-1.059737324714661,3.913231372833252,29.64616203308105,0.9791366457939148,-0.06086218357086182,-1.399999856948853,124,22835.25,0
-0.8149531483650208,3.898015737533569,29.29616165161133,0.7291366457939148,-0.3108621835708618,-1.799999833106995,123,22835.5,0
-0.6326689720153809,3.820300102233887,28.84616088867188,0.9672397971153259,-0.06086218357086182,-2.199999809265137,122,22835.75,0
-0.3908590078353882,3.805084466934204,28.29616165161133,0.9672397971153259,0.1891378164291382,-2.599999904632568,121,22836,0
-0.1490490585565567,3.852368831634521,27.64616203308105,0.7172397971153259,0,-3,120,22836.25,0
0.03026089072227478,3.852368831634521,26.89616203308105,0.9672397971153259,0.25,-2.599999904632568,119,22836.5,0
0.2720708250999451,3.914868831634521,26.24616241455078,1.217239856719971,0.5,-3,118,22836.75,0
0.5763807892799377,4.039868831634521,25.49616241455078,0.9672398567199707,0.25,-3.400000095367432,117,22837,0
0.8181907534599304,4.102368831634521,24.64616203308105,0.9672397971153259,0.5,-3,116,22837.25,0
1.060000658035278,4.227368831634521,23.89616203308105,0.7172397971153259,0.75,-2.599999904632568,115,22837.5,0
1.239310622215271,4.414868831634521,23.24616241455078,0.4672397971153259,0.5,-2.199999809265137,114,22837.75,0
1.356120586395264,4.539868831634521,22.69616317749023,0.2172397971153259,0.25,-1.799999833106995,113,22838,0
1.410430550575256,4.602368831634521,22.24616241455078,0.4672397971153259,0,-1.399999856948853,112,22838.25,0
1.527240514755249,4.602368831634521,21.89616203308105,0.2172397971153259,0,-0.9999998807907104,111,22838.5,0
1.581550478935242,4.602368831634521,21.64616203308105,0.4672397971153259,0.25,-1.399999856948853,110,22838.75,0
1.698360443115234,4.664868831634521,21.29616165161133,0.2172397971153259,0.5,-0.9999998807907104,109,22839,0
1.752670407295227,4.789868831634521,21.04616165161133,-0.03276020288467407,0.75,-0.5999999046325684,108,22839.25,0
1.74448037147522,4.977368831634521,20.89616203308105,-0.2525961995124817,1,-0.1999998986721039,107,22839.5,0
1.681331276893616,5.227368831634521,20.84616279602051,-0.002596199512481689,0.75,0.2000001072883606,106,22839.75,0
1.680682182312012,5.414868831634521,20.89616203308105,0.2474038004875183,0.5,0.6000001430511475,105,22840,0
1.742533087730408,5.539868831634521,21.04616165161133,0,0.25,0.200000137090683,104,22840.25,0
1.742533087730408,5.602368831634521,21.09616088867188,0.25,0,0.6000001430511475,103,22840.5,0
1.805033087730408,5.602368831634521,21.24616050720215,0,0,0.200000137090683,102,22840.75,0
1.805033087730408,5.602368831634521,21.2961597442627,0,0,-0.1999998688697815,101,22841,0
1.805033087730408,5.602368831634521,21.24616050720215,-0.25,0.25,-0.5999999046325684,100,22841.25,0
1.742533087730408,5.664868831634521,21.09616088867188,-0.5,0,-0.9999998807907104,99,22841.5,0
1.617533087730408,5.664868831634521,20.84616088867188,-0.25,0,-1.399999856948853,98,22841.75,0
1.555033087730408,5.664868831634521,20.49616050720215,0,0,-0.9999998807907104,97,22842,0
1.555033087730408,5.664868831634521,20.24616050720215,0.25,0,-1.399999856948853,96,22842.25,0
1.617533087730408,5.664868831634521,19.89616012573242,0,0.25,-0.9999998807907104,95,22842.5,0
1.617533087730408,5.727368831634521,19.64616012573242,0.25,0.5,-1.399999856948853,94,22842.75,0
1.680033087730408,5.852368831634521,19.2961597442627,0,0.75,-1.799999833106995,93,22843,0
1.680033087730408,6.039868831634521,18.84615898132324,0,0.5,-2.199999809265137,92,22843.25,0
1.680033087730408,6.164868831634521,18.2961597442627,0,0.25,-1.799999833106995,91,22843.5,0
1.680033087730408,6.227368831634521,17.84615898132324,0,0,-2.199999809265137,90,22843.75,0
1.680033087730408,6.227368831634521,17.2961597442627,0,0,-2.599999904632568,89,22844,0
1.680033087730408,6.227368831634521,16.64616012573242,0.25,-0.25,-2.199999809265137,88,22844.25,0
1.742533087730408,6.164868831634521,16.09616088867188,0,0,-2.599999904632568,87,22844.5,0
1.742533087730408,6.164868831634521,15.4461612701416,0,0,-3,86,22844.75,0
1.742533087730408,6.164868831634521,14.6961612701416,0.25,0.25,-3.400000095367432,85,22845,0
1.805033087730408,6.227368831634521,13.84616088867188,0.5,0,-3,84,22845.25,0
1.930033087730408,6.227368831634521,13.09616088867188,0.25,0,-3,83,22845.5,0
1.992533087730408,6.227368831634521,12.34616088867188,0,-0.25,-3.400000095367432,82,22845.75,0
1.992533087730408,6.164868831634521,11.49616050720215,0.25,0,-3,81,22846,0
2.055033206939697,6.164868831634521,10.74616050720215,0,0,-2.599999904632568,80,22846.25,0
2.055033206939697,6.164868831634521,10.09616088867188,0.25,0,-3,79,22846.5,0
2.117533206939697,6.164868831634521,9.346160888671875,0.5,-0.25,-3,78,22846.75,0
2.242533206939697,6.102368831634521,8.596160888671875,0.25,-0.5,-3,77,22847,0
2.305033206939697,5.977368831634521,7.846160888671875,0,-0.25,-2.599999904632568,76,22847.25,0
2.305033206939697,5.914868831634521,7.196160793304443,-0.25,-0.5,-2.199999809265137,75,22847.5,0
2.242533206939697,5.789868831634521,6.646161079406738,-0.5,-0.25,-2.599999904632568,74,22847.75,0
2.117533206939697,5.727368831634521,5.996160984039307,-0.5317637324333191,-0.5,-3,73,22848,0
1.984592318534851,5.602368831634521,5.246160984039307,-0.7817637324333191,-0.75,-3,72,22848.25,0
1.789151430130005,5.414868831634521,4.496160984039307,-0.5317637324333191,-0.5,-2.599999904632568,71,22848.5,0
1.656210541725159,5.289868831634521,3.846160888671875,-0.5317637324333191,-0.75,-2.199999809265137,70,22848.75,0
1.523269653320312,5.102368831634521,3.296160936355591,-0.2817637324333191,-0.5,-2.599999904632568,69,22849,0
1.452828764915466,4.977368831634521,2.646161079406738,-0.03176373243331909,-0.25,-2.199999809265137,68,22849.25,0
1.44488787651062,4.914868831634521,2.096161127090454,-0.2817637324333191,0,-2.599999904632568,67,22849.5,0
1.374446988105774,4.914868831634521,1.446161150932312,-0.5317637324333191,-0.25,-2.199999809265137,66,22849.75,0
1.241506099700928,4.852368831634521,0.8961611986160278,-0.5317637324333191,-0.5,-2.599999904632568,65,22850,0
1.108565211296082,4.727368831634521,0.2461612224578857,-0.2817637324333191,-0.25,-3,64,22850.25,0
1.038124322891235,4.664868831634521,-0.5038387775421143,-0.03176373243331909,0,-3,63,22850.5,1
